id,name,area,url,image,description,地址,開放時間,休息日,費用,網站
spot-1-chi-TW,東尋坊海崖,坂井,https://enjoy.pref.fukui.lg.jp/tcn/spot/spot-1/,https://images.ctfassets.net/28myztxqgnfy/154/b2b087839145afd5392618e9b5e6d586/img_spot_001_01.jpg?q=30,東尋坊海崖在海岸線上綿延一公里，遊客可在岩壁上行走攀爬，也可搭乘觀光船。,福井縣阪井市三國町東尋坊,不限時段,每週開放 7 天,免費,
spot-2-chi-TW,氣比松原,二洲,https://enjoy.pref.fukui.lg.jp/tcn/spot/spot-2/,https://images.ctfassets.net/28myztxqgnfy/157/0dfdefb5f940b166fbe076789d358b50/img_spot_002_01.jpg?q=30,氣比松原是一處長 1.5 公里的海灘，沿岸有大片日本赤松林和黑松林，是熱門的海水浴場，每年八月舉行煙火秀。,福井縣敦賀市松島町,不限時段,每週開放 7 天,免費,
spot-3-chi-TW,三方五湖,二洲,https://enjoy.pref.fukui.lg.jp/tcn/spot/spot-3/,https://images.ctfassets.net/28myztxqgnfy/160/4b2792ca11d79733953ba65eaeff23a0/img_spot_003_01.jpg?q=30,三方五湖集中在小範圍內，深度、鹽度都不一樣，因此呈現不同的湖色。,福井縣美濱町（美濱町、若狹町）,不限時段,每週開放 7 天,免費,
spot-4-chi-TW,瓜割瀑布,若狹,https://enjoy.pref.fukui.lg.jp/tcn/spot/spot-4/,https://images.ctfassets.net/28myztxqgnfy/163/9a18d4ae6705fe482bf9f97682fe3c5d/img_spot_004_01.jpg?q=30,瓜割瀑布的水來自天然湧泉，以終年冰涼聞名，甘甜水質榮獲全國評選認證。,福井縣若狹町天德寺37-1-3,免費,每週開放 7 天,免費 (汲水留念遊客酌收清潔費 300日圓),
spot-5-chi-TW,一乘瀑布,福井,https://enjoy.pref.fukui.lg.jp/tcn/spot/spot-5/,https://images.ctfassets.net/28myztxqgnfy/166/d306090b59f74423463c8f5168c3ec5e/img_spot_005_01.jpg?q=30,一乘瀑布高 12 公尺，鄰近一乘谷朝倉氏遺跡，在秋季周圍滿是鮮紅楓葉。傳說劍術名家佐佐木小次郎曾在此修練。,福井縣福井市淨教寺町,不限時段,每週開放 7 天,免費,
spot-6-chi-TW,呼鳥門,丹南,https://enjoy.pref.fukui.lg.jp/tcn/spot/spot-6/,https://images.ctfassets.net/28myztxqgnfy/169/31cd017085fc38bf1a4a0f8bda3b5969/img_spot_006_01.jpg?q=30,呼鳥門是位於越前海岸的天然岩洞，遊客可直接走進自然形成的岩石隧道內。,福井市越前町梨子平,不限時段,每週開放 7 天,免費,
spot-7-chi-TW,彩虹之路山頂公園,二洲,https://enjoy.pref.fukui.lg.jp/tcn/spot/spot-7/,https://images.ctfassets.net/28myztxqgnfy/172/8e99a945f94fe80b5b1b8e90a23067b7/img_spot_007_01.jpg?q=30,收費道路「彩虹之路」環繞三方五湖，綿延 11 公里，中間的「彩虹之路山頂公園」可將三方五湖的景色盡收眼底。,福井縣美濱町（美濱町、若狹町）,(10 月至 4 月) 8:00-18:00 / (5 月至 7 月 20 日/ 9 月) 7:00-19:00 / (7 月 21 日至 8 月 31 日) 6:00-20:00,年末與新年假期,"* 過路費 1,040日圓 (一般小客車)、2,500日圓 (迷你巴士)、4,000日圓 (大巴士與大卡車)、730日圓 (輕機車以外摩托車)
* 山頂公園 800日圓 (包含電梯與纜車費用)",http://www.mikatagoko.com/eng/
spot-8-chi-TW,蘇洞門,若狹,https://enjoy.pref.fukui.lg.jp/tcn/spot/spot-8/,https://images.ctfassets.net/28myztxqgnfy/175/e8280bf2e7bebfaaaf42a07f2f16835a/img_spot_008_01.jpg?q=30,位於半島上的蘇洞門濱海風景帶延伸約 6 公里，南接小濱灣，北鄰若狹灣，遊客可搭乘遊覽船欣賞景觀。,福井縣小濱市內外海半島,9:30 - 15:30  (12 月至 2 月船舶停駛）,12 月至 2 月船舶停駛,"2,000日圓 (成人) / 1,000日圓 (孩童)",http://www.wakasa-fishermans.com/
spot-9-chi-TW,永平寺,福井,https://enjoy.pref.fukui.lg.jp/tcn/spot/spot-9/,https://images.ctfassets.net/28myztxqgnfy/603/7ea9e9d942ded7cdb4917ca0ed1437ba/img_spot_009_01.jpg?q=30,永平寺是禪宗曹洞宗的大本山之一。現在，仍有日本各地的僧侶前來寺院精進修行。,福井縣永平寺町志比5-15,"8:30 - 16:30 (入口於 16:00 關閉）
※將配合寺院作息調整時段。",除了 1 月 1 日以外全年開放,500日圓 (成人) / 200日圓 (國中小學生) / 免費 (7 歲以下),https://daihonzan-eiheiji.com/en/
spot-10-chi-TW,越前大佛,奧越,https://enjoy.pref.fukui.lg.jp/tcn/spot/spot-10/,https://images.ctfassets.net/28myztxqgnfy/178/d34637149062d5e030ca51710ad8d4b7/img_spot_010_01.jpg?q=30,清大寺的大佛是世界上最大的坐佛像之一，從寺內五重塔頂樓可俯瞰全景。,福井縣勝山市片瀨町50字1-1,8:00 - 17:00 (冬季視情況調整),每週開放 7 天 (冬季視情況暫停),500日圓 (成人) / 300日圓 (未滿 18 歲未成年人),http://etizendaibutsu.com/
spot-11-chi-TW,龍雙瀑布,丹南,https://enjoy.pref.fukui.lg.jp/tcn/spot/spot-11/,https://images.ctfassets.net/28myztxqgnfy/181/143d89883d63167763545582bed856ab/img_spot_011_01.jpg?q=30,龍雙瀑布位於池田山區，曾入選專家組織的「日本瀑布百選」。,福井縣池田町東青,不限時段,冬季 (11 月下旬至 3 月底),免費,
spot-12-chi-TW,一乘谷朝倉氏遺跡,福井,https://enjoy.pref.fukui.lg.jp/tcn/spot/spot-12/,https://images.ctfassets.net/28myztxqgnfy/184/895c17baa77ae68f9e9c3037ef21a19f/img_spot_012_01.jpg?q=30,一乘谷朝倉氏遺跡是大約 500 年前的城郭聚落，城郭遺跡位於山丘頂端，可眺望城鎮全景。,福井縣福井市城戶之內町,一乘谷朝倉氏遺跡：不限時段 / 復原町：9:00 - 17:00 (開放入場至 16:30為止）,每週開放 7 天，年末與新年假期除外,復原町：330日圓 (逾 20 人可購買團體票) / 未滿 12 歲孩童、行動不便者與 70 歲以上長者免費入場,
spot-13-chi-TW,百合花之鄉公園,坂井,https://enjoy.pref.fukui.lg.jp/tcn/spot/spot-13/,https://images.ctfassets.net/28myztxqgnfy/187/bb54dfb4f9a5dbc0ffca8093532a7ad6/img_spot_013_01.jpg?q=30,百合花之鄉公園以廣大的百合與玫瑰花圃聞名，大部分的日子，百合花之鄉公園夜間燈火通明，每年六月會舉行百合節。,福井縣坂井市春江町石塚21-2-3,9:00 - 21:30,"週二  (6 月份每週開放 7 天)
*週二如遇國定假日，改為隔日閉園。",免費,
spot-14-chi-TW,養浩館庭園,福井,https://enjoy.pref.fukui.lg.jp/tcn/spot/spot-14/,https://images.ctfassets.net/28myztxqgnfy/190/f944d95f96d9c497841a489fcee3989d/img_spot_014_01.jpg?q=30,養浩館庭園的庭園造景與園內建築和諧交融，因而知名。此園邸原為松平家別墅，建於十七世紀前半葉。,福井縣福井市寶永3-11,"9:00 - 19:00 (3 月 1 日至 11 月 5 日) (開放入場至 18:30 為止) 
9:00 - 17:00 (11 月 6 日至 2 月底) (開放入場至 16:30 為止)",新年期間 (12 月 28 日至 1 月 4 日),"220日圓 (團體票 160日圓)
*養浩館庭園與福井市歷史博物館聯合套票 350日圓 (團體票 260日圓) / 逾 20 人可購買團體票 / 國中以下學生、70 歲以上長者、持身心障礙手冊者及其陪伴者免費",http://www.fukuisan.jp/en/yokokan/index.html
spot-15-chi-TW,大安禪寺,福井,https://enjoy.pref.fukui.lg.jp/tcn/spot/spot-15/,https://images.ctfassets.net/28myztxqgnfy/193/8e48016b37caffe6e3354a0aa50a1a0e/img_spot_015_01.jpg?q=30,大安禪寺提供禪修體驗與美景觀光。參拜者可預約坐禪課程。禪寺每年六月舉行花菖蒲節。,福井縣福井市田之穀町21-4,9:00 - 17:00 (入口於 16:30 關閉）,每週開放 7 天,個別體驗均有不同,https://www.daianzenji.jp/
spot-16-chi-TW,福井車站恐龍廣場,福井,https://enjoy.pref.fukui.lg.jp/tcn/spot/spot-16/,https://images.ctfassets.net/28myztxqgnfy/196/2c3a90ed35c6cec5168786cbf6469e92/img_spot_016_01.jpg?q=30,恐龍廣場就設在福井車站外，紀念縣內大量出土恐龍化石。廣場上有三具實物大小的恐龍模型，每半個小時就會活動肢體。,福井縣福井市中央1丁目,不限時段,每週開放 7 天,免費,
spot-17-chi-TW,湯煙橫丁,坂井,https://enjoy.pref.fukui.lg.jp/tcn/spot/spot-17/,https://images.ctfassets.net/28myztxqgnfy/199/ab84ee4109e453fec1a35aa72b7f1e90/img_spot_017_01.jpg?q=30,湯煙橫丁位在蘆原湯之町車站對面，內有十家小餐館，晚餐時段對外營業，各有各的拿手料理。,福井縣粟原市溫泉1-203（粟原溫泉湯之町廣場旁）,由個別商家自訂,由個別商家自訂,由個別商家自訂,https://yukemuriyokocho.com/
spot-18-chi-TW,平泉寺白山神社,奧越,https://enjoy.pref.fukui.lg.jp/tcn/spot/spot-18/,https://images.ctfassets.net/28myztxqgnfy/202/09e60f96caee6a1e5d8c805afc4c28ff/img_spot_018_01.jpg?q=30,平泉寺白山神社有知名的苔蘚庭園，通往神社的石徑處處是青苔。,福井縣勝山市平泉寺町平泉寺,不限時段,,免費 / 白山神社內國家指定名勝「舊玄成院庭園」入場費用 50日圓,http://heisenji.jp/
spot-19-chi-TW,福井縣立恐龍博物館,奧越,https://enjoy.pref.fukui.lg.jp/tcn/spot/spot-19/,https://images.ctfassets.net/28myztxqgnfy/205/b43198163f0df4e428895f41e15b0bab/img_spot_019_01.jpg?q=30,福井縣立恐龍博物館以恐龍為主題，有超過一千件展示品，包括 44 件恐龍骨骼和高如屋垣的化石足跡。,福井縣勝山市村岡町寺尾51-11,"9:00 - 17:00 (開放入場至 16:30 為止) 
8:30 - 18:00 (17:30 起停止入場) (暑假期間)","每月第 2 與第 4 個週三 (如遇國定假日則於隔日開館，暑假期間除外) / 年末與新年假期 (12/31 - 1/01)
*如遇設施維修，可能暫時休館。","730日圓 (成人) / 420日圓 (高中與大學生) / 260日圓 (國中小學生)
/ 免費 (熟齡遊客與孩童)",https://www.dinosaur.pref.fukui.jp/en/
spot-20-chi-TW,丸岡城,坂井,https://enjoy.pref.fukui.lg.jp/tcn/spot/spot-20/,https://images.ctfassets.net/28myztxqgnfy/208/ad54bd6a03010be13b9ad5e3fe0580ca/img_spot_020_01.jpg?q=30,丸岡城天守閣是日本至今僅存的十二座古天守之一。每到春天，周邊公園約有 400 株櫻花盛開。,福井縣阪井市丸岡町霞町1-59,8:30 - 17:00 (開放入場至 16:30 為止),,450日圓 (成人) / 150日圓 (國中小學生),https://maruoka-castle.jp/
spot-21-chi-TW,若狹漁人碼頭,若狹,https://enjoy.pref.fukui.lg.jp/tcn/spot/spot-21/,https://images.ctfassets.net/28myztxqgnfy/211/6cd4c1fddc584c2bf3a6ffa291066533/img_spot_021_01.jpg?q=30,若狹漁人碼頭供應新鮮海鮮和當地特產。可搭乘遊覽船欣賞美麗的蘇洞門海岸線，每小時一班。,福井縣小濱市川崎1-3-2,(4 月至 11 月) 8:30 - 17:00 / (12 月至 3 月) 9:00 - 17:00,12 月 31 日與 1 月 1 日 等,由個別商家自訂,http://www.wakasa-fishermans.com/
spot-22-chi-TW,人道之港敦賀博物館,二洲,https://enjoy.pref.fukui.lg.jp/tcn/spot/spot-22/,,人道之港敦賀紀念館展示著難能可貴的故事：二十世紀發生在敦賀港的幾個重要人道救援事件。,福井縣敦賀市金崎町23-1,9:00 - 17:00 (開放入場至 16:30 為止),年末暨新年假期,500日圓 (成人) / 300日圓 (孩童),https://tsuruga-museum.jp/
spot-23-chi-TW,越前水仙之鄉公園,福井,https://enjoy.pref.fukui.lg.jp/tcn/spot/spot-23/,https://images.ctfassets.net/28myztxqgnfy/214/bddc6cce42a491493d6ef6f53f49b6d0/img_spot_023_01.jpg?q=30,從 12 月至 2 月，越前水仙之鄉公園的山坡邊總是開滿水仙花。在公園的水仙穹頂內，訪客全年皆可觀賞水仙花綻放。,福井縣福井市居倉町43-25,9:00 - 17:00,年末暨新年假期 (12/29 - 1/01),310日圓 (成人),
spot-24-chi-TW,味真野苑,丹南,https://enjoy.pref.fukui.lg.jp/tcn/spot/spot-24/,https://images.ctfassets.net/28myztxqgnfy/216/e857f30b0493ef61ad2f5e0e4d8d7db7/img_spot_024_01.jpg?q=30,味真野苑以精雕細琢的日式庭園及四季分明的時令花卉盛開，令人緬懷當地與日本最早詩歌總集《萬葉集》的淵源。,福井縣越前市餘川町55-1,不限時段,,免費,
spot-25-chi-TW,紫式部公園,丹南,https://enjoy.pref.fukui.lg.jp/tcn/spot/spot-25/,https://images.ctfassets.net/28myztxqgnfy/218/b638a64ad608a7952c74f6b86d00a167/img_spot_025_01.jpg?q=30,紫式部公園為一日式庭園，開放給大眾參觀。此公園尤以春紫藤、秋楓紅聞名遐邇。,福井縣越前市東千福町20,不限時段,,免費,
spot-26-chi-TW,北潟湖,坂井,https://enjoy.pref.fukui.lg.jp/tcn/spot/spot-26/,https://images.ctfassets.net/28myztxqgnfy/220/5f3d4e72f2e750af49966c51b612fba8/img_spot_026_01.jpg?q=30,北潟湖是福井縣東北岸附近的一座大型湖泊，遊客可以租乘腳踏船或自行車，也能輕鬆自在的享受美景。,福井縣粟原市北潟,不限時段,,免費,
spot-27-chi-TW,蓮花公園,丹南,https://enjoy.pref.fukui.lg.jp/tcn/spot/spot-27/,https://images.ctfassets.net/28myztxqgnfy/222/f21efd072e5d2b33de78f4935d6fa805/img_spot_027_01.jpg?q=30,蓮花公園位於以蓮花聞名的小鎮內。每年夏天的蓮花季，都為訪客提供各式蓮花主題體驗，包括布染或以「蓮梗吸管」享用飲料等活動。,福井縣南越前町中小屋64-41,不限時段,,免費 (蓮花祭期間酌收清潔費 200日圓),https://www.facebook.com/hanahasukouenn/
spot-28-chi-TW,福井城跡,福井,https://enjoy.pref.fukui.lg.jp/tcn/spot/spot-28/,https://images.ctfassets.net/28myztxqgnfy/224/87be20a452f68ce1954d309c803d5839/img_spot_028_01.jpg?q=30,福井城跡位於福井車站附近。每年 3 月下旬至 4 月期間，此處都會成為熱門賞櫻勝地。,福井縣福井市大手3,不限時段,,免費,
spot-29-chi-TW,敦賀紅磚倉庫,二洲,https://enjoy.pref.fukui.lg.jp/tcn/spot/spot-29/,https://images.ctfassets.net/28myztxqgnfy/226/85a23a7b0acf00bee3ae6e4381dcac37/img_spot_029_01.jpg?q=30,敦賀紅磚倉庫由兩座紅磚歷史建築組成，現在一座用來展示呈現敦賀歷史的大型立體模型，另一座則是餐廳。,福井縣敦賀市金崎町4-1,9:30 - 22:00 / 立體模型館 9:30 - 17:30 (開放入場至 17:00 為止）,週三 (如遇國定假日則為隔日) / 12 月 31 日 至 1 月 2 日,免費 (立體模型館 400日圓 (成人) / 200日圓 (孩童),http://tsuruga-akarenga.jp/
spot-30-chi-TW,蘆原溫泉,坂井,https://enjoy.pref.fukui.lg.jp/tcn/spot/spot-30/,https://images.ctfassets.net/28myztxqgnfy/228/e70e4af75644ab83817ef185f512a6c0/img_spot_030_01.jpg?q=30,蘆原溫泉是福井最大的溫泉度假小鎮，遊客可以在溫泉旅館內泡湯放鬆，或是穿上浴衣在小鎮內逛逛。,福井縣粟原市,以個別設施規定為準,以個別設施規定為準,以個別設施規定為準,https://www.awara-onsen.org/(Ashihara Onsen Ryokan Cooperative Association)
spot-31-chi-TW,眼鏡博物館,丹南,https://enjoy.pref.fukui.lg.jp/tcn/spot/spot-31/,https://images.ctfassets.net/28myztxqgnfy/230/45a309a84c93d337ce0c0c79ecf354e3/img_spot_031_01.jpg?q=30,眼鏡博物館向遊客介紹眼鏡的歷史，並提供體驗課程，遊客有機會親手製作自己的眼鏡。(需事先預約。),福井縣鯖江市新橫江2-3-4,10:00 - 19:00 (每週三、年末暨新年假期閉館),年末暨新年假期,"免費 (工坊 1,800日圓起)",https://www.megane.gr.jp/museum/
spot-32-chi-TW,越前竹人偶之鄉,坂井,https://enjoy.pref.fukui.lg.jp/tcn/spot/spot-32/,https://images.ctfassets.net/28myztxqgnfy/232/47ce6c37ff91b4eecacec001e06bd32a/img_spot_032_01.jpg?q=30,越前竹偶之鄉專門展示傳統竹製人偶等各種竹藝品。遊客可參加課程體驗自己動手做。,福井縣坂井市丸岡町上久米田63-1,(3 月至 11 月) 9:00 - 16:30 / (12 月至 2 月 ) 10:00 - 16:00,週三、 12 月 26 日至 1 月 1 日,免費 (附設工坊300日圓 (成人) / 150日圓 (孩童)),http://www.takeningyo.com/
spot-33-chi-TW,西山公園,丹南,https://enjoy.pref.fukui.lg.jp/tcn/spot/spot-33/,https://images.ctfassets.net/28myztxqgnfy/234/7fc70671574b1030d99f4049c4547355/img_spot_033_01.jpg?q=30,西山公園是一個大型公園，以櫻花、杜鵑花、傳統庭園和動物園聞名。動物園可免費參觀，最知名的動物是紅熊貓。,福井縣鯖江市櫻町3-7-20,不限時段,,免費,
spot-34-chi-TW,宮下大波斯菊公苑,福井,https://enjoy.pref.fukui.lg.jp/tcn/spot/spot-34/,https://images.ctfassets.net/28myztxqgnfy/236/305bff16a0757c9be3601b7c202ef35a/img_spot_034_01.jpg?q=30,宮下大波斯菊公苑占地 17.5 公頃，遍布大波斯菊，約有 1 億朵之多，每年十月盛開，公園內會舉行大波斯菊花節。,福井縣福井市江上町37-7,不限時段 (花季),,免費,
spot-35-chi-TW,九頭龍湖,奧越,https://enjoy.pref.fukui.lg.jp/tcn/spot/spot-35/,https://images.ctfassets.net/28myztxqgnfy/238/d9cb9a42b4484e8ed0a9a9f9e60b3465/img_spot_035_01.jpg?q=30,九頭龍湖位於福井東部山區，是戶外休閒、春秋賞景的好去處。,福井縣大野市箱瀨（九頭竜川上游）,不限時段,,免費,
spot-36-chi-TW,萬德寺,若狹,https://enjoy.pref.fukui.lg.jp/tcn/spot/spot-36/,https://images.ctfassets.net/28myztxqgnfy/240/b3315dda5e1630a0d58bc89f02374844/img_spot_036_01.jpg?q=30,萬德寺以斜坡造景庭園與精心塑造的枯山水聞名。寺內藏有數件歷史悠久的佛教藝術作品。,福井縣小濱市金屋74-23,8:30 - 17:00,,400日圓,
spot-37-chi-TW,熊川宿,二洲,https://enjoy.pref.fukui.lg.jp/tcn/spot/spot-37/,https://images.ctfassets.net/28myztxqgnfy/242/0f15906094948b7b772cd710f8e946ce/img_spot_037_01.jpg?q=30,熊川宿宿場町建於 1589 年，是古代的驛站，服務往來京都與福井的旅人。遊客可在此探索傳統小鎮風情。,福井縣若狹町熊川,不限時段,,免費,https://kumagawa-juku.com/
spot-38-chi-TW,藤野嚴九郎記念館,坂井,https://enjoy.pref.fukui.lg.jp/tcn/spot/spot-38/,https://images.ctfassets.net/28myztxqgnfy/244/e4e98421a59d12f7107ddded53f767c1/img_spot_038_01.jpg?q=30,藤野嚴九郎記念館紀念藤野與魯迅之間終生的情誼，展出藤野的各種私人物品。,福井縣粟原市溫泉1-203,9:00 - 18:00,週二、 12 月 29 日至 1 月 3 日,210日圓 (成人含大學生),
spot-39-chi-TW,小濱公園,若狹,https://enjoy.pref.fukui.lg.jp/tcn/spot/spot-39/,https://images.ctfassets.net/28myztxqgnfy/246/da2603038c7c9770df1d8f2021011eaa/img_spot_039_01.jpg?q=30,小濱公園位於小濱灣沿岸。請盡情享受沙灘、雕塑，以及能一覽市區與海灣景觀的展望台。,福井縣小濱市小濱香取81-1,不限時段,,免費,
spot-40-chi-TW,勝山滑雪場（SKIJAM）,奧越,https://enjoy.pref.fukui.lg.jp/tcn/spot/spot-40/,https://images.ctfassets.net/28myztxqgnfy/248/a5ee2e05688f7fe76eb98d1db1035414/img_spot_040_01.jpg?q=30,"勝山滑雪場（SKIJAM）是西日本最大的滑雪度假村之一，共有 14 條滑雪道，滑行距離最長達 5,800 公尺，不論初學者或專業好手，都可以盡興。",福井縣勝山市170-70,"平日 8:30 - 17:00
週末與假日 8:00 - 17:00 (1 月 31 日前 8:00 - 16:30)",本季開放時間為 2021 年 12 月 18 日至 2022 年 4 月 3 日 (營業結束時間配合當日天氣調整),"吊椅纜車 (全日票) 4,800日圓 (成人) / 3,200日圓 (孩童) / 4,300日圓 (50 歲以上民眾)",https://japan-skiguide.com/guide/htm/r0019ens.htm
spot-41-chi-TW,左義長祭,奧越,https://enjoy.pref.fukui.lg.jp/tcn/spot/spot-41/,https://images.ctfassets.net/28myztxqgnfy/250/3634e8726bacd41495951fa8941ca587/img_spot_041_01.jpg?q=30,勝山市在每年二月最後一個完整的週末舉行左義長祭，街道上鼓樂齊鳴，熱鬧非凡，最後以週日晚間的篝火畫下句點。,福井縣勝山市市內中心部  本町他,2 月最後週末,,免費,https://www.city.katsuyama.fukui.jp/kankou/sagityo/
spot-42-chi-TW,送水祭,若狹,https://enjoy.pref.fukui.lg.jp/tcn/spot/spot-42/,https://images.ctfassets.net/28myztxqgnfy/252/b99631ae39879534296c31ede5486b16/img_spot_042_01.jpg?q=30,每年 3 月 2 日夜間，神宮寺舉行送水祭，以火炬照亮黑夜，遊行至遠敷川加持聖水。,福井縣小濱市神宮寺30-4,5 月上旬,,免費,
spot-43-chi-TW,三國祭,坂井,https://enjoy.pref.fukui.lg.jp/tcn/spot/spot-43/,https://images.ctfassets.net/28myztxqgnfy/254/a957edecaecb1bb6f37860a3fc363827/img_spot_043_01.jpg?q=30,三國祭主要慶典活動在每年 5 月 20 日舉行，特色是超過六公尺高的花車，晚上會在鎮上的小巷弄裡繞境遊行。,福井縣坂井市三國町山王6-2-80,每年 5 月 15 日至 5 月 21 日,,免費,https://mikunimatsuri.com/
spot-44-chi-TW,若狹一宮神社,若狹,https://enjoy.pref.fukui.lg.jp/tcn/spot/spot-44/,https://images.ctfassets.net/28myztxqgnfy/256/8aecdb289054ffbf25415a2330d41dbe/img_spot_044_01.jpg?q=30,若狹一宮神社由兩個神社組成，「上社」若狹彥神社四周古木參天，「下社」若狹姬神社較接近市區。,"若狹彥神社/福井縣小濱市竜前28-7
若狹彥神社/福井縣小濱市遠敷65-41",不限時段,,免費,
spot-45-chi-TW,芝政世界,坂井,https://enjoy.pref.fukui.lg.jp/tcn/spot/spot-45/,https://images.ctfassets.net/28myztxqgnfy/258/c1709e1046279f044724060b482b25a8/img_spot_045_01.jpg?q=30,芝政世界是西日本規模數一數二的水上樂園，有 50 座滑水道和各種游泳池，還有卡丁車等樂園設施。,福井縣阪井市三國町濱地45-1,營業時間依季節而定,閉園日依季節而定。,"3,800日圓 (成人) / 2,700日圓 (孩童) / 2,700日圓 (熟齡遊客) *包含門票與設施費用
1,500日圓 (成人) / 1,000日圓 (孩童) / 1,000日圓 (熟齡遊客) *只含門票",http://shibamasa.com/
spot-46-chi-TW,金津創作之森,坂井,https://enjoy.pref.fukui.lg.jp/tcn/spot/spot-46/,https://images.ctfassets.net/28myztxqgnfy/260/6c3b0ae1883e58ac0d02660f4e246e1b/img_spot_046_01.jpg?q=30,「金津創作之森」不僅設有室內場館展出藝術品，也有戶外的藝術空間，還有各種藝術實作體驗課程可參加。,福井縣粟原市宮穀57-2-19,Art Core 9:00 - 17:00 (開放時間配合設施狀況調整),週一 (如遇國定假日則改為週二)，年末暨新年假期,免費入場,https://sosaku.jp/
spot-47-chi-TW,美濱町日向水中拔河,二洲,https://enjoy.pref.fukui.lg.jp/tcn/spot/spot-47/,https://images.ctfassets.net/28myztxqgnfy/262/25d1484bd807144f07e772f06ebd65c6/img_spot_047_01.jpg?q=30,美濱町日向水中拔河在每年一月舉行，美濱的年輕男子競相將一條大繩索扯成兩半，然後送入海中。,福井縣三方郡美濱町日向,1 月份第 3 個週日,,免費,
spot-48-chi-TW,武生刀具村,丹南,https://enjoy.pref.fukui.lg.jp/tcn/spot/spot-48/,https://images.ctfassets.net/28myztxqgnfy/264/fa8bbdc86945cdfa87b4f8d0103c2ec4/img_spot_048_01.jpg?q=30,遊客能了解刀具的製作過程，現場參觀工匠製刀，還有各式各樣越前刀具可以選購，甚至可以親自動手製作自己的刀具。,福井縣越前市餘川町22-91,9:00 - 17:00,年末與新年假期,"1,000日圓 (拆信刀工坊)
*費用依工坊類型而定。免費工廠導覽。",https://www.takefu-knifevillage.jp/
spot-49-chi-TW,明通寺,若狹,https://enjoy.pref.fukui.lg.jp/tcn/spot/spot-49/,https://images.ctfassets.net/28myztxqgnfy/266/746262c919842cba9b3d7fce479e95cf/img_spot_049_01.jpg?q=30,明通寺位於小濱市山區，寺內有兩座國家文化財建築。每到十一月，庭園裡滿地都是橘紅楓葉。,福井縣小濱市門前5-21,9:00 - 17:00 (12 月至 2 月 9:00 -16:30),,500日圓,https://myotsuji.jimdofree.com/
spot-50-chi-TW,三國日落海灘,坂井,https://enjoy.pref.fukui.lg.jp/tcn/spot/spot-50/,https://images.ctfassets.net/28myztxqgnfy/268/60e8af4fe787039d284efa2f7b7ddada/img_spot_050_01.jpg?q=30,三國日落海灘水不深，擁有日落美景，是熱門的海水浴場，每年八月十一日會舉辦大型煙火秀。,福井縣坂井市三國町宿、米脅,1 月份第 3 個週日,,免費,https://mikuni-sunset.jp/
spot-51-chi-TW,三國神社,坂井,https://enjoy.pref.fukui.lg.jp/tcn/spot/spot-51/,https://images.ctfassets.net/28myztxqgnfy/270/2138cff27686685d7e5e43991537123f/img_spot_051_01.jpg?q=30,三國神社大而幽靜，從銅板鳥居、隨神門內的雕像等，可以得知三國町的富裕港口城鎮歷史。,坂井市三國町山王6-2-80,不限時段,,免費,http://www.mikunijinja.jp/
spot-52-chi-TW,松永六感藤屋,若狹,https://enjoy.pref.fukui.lg.jp/tcn/spot/spot-52/,https://images.ctfassets.net/28myztxqgnfy/272/6314e2304568bae19476c59cd9343e0f/img_spot_052_01.jpg?q=30,松永六感藤屋的宗旨是提供禪風休憩所，讓住客能暫時離開日常忙碌。供應的創新餐點結合新鮮獨特的創意與傳統佛教齋飯。,小濱市門前9-4,入住時間 15:00 - 18:00,,住宿與活動體驗費用另計。,https://www.matsunagarokkan.com/
spot-53-chi-TW,八杉森林學習中心,丹南,https://enjoy.pref.fukui.lg.jp/tcn/spot/spot-53/,https://images.ctfassets.net/28myztxqgnfy/274/f47dd0971e0d07a8cd9e2115d618ade2/img_spot_053_01.jpg?q=30,八杉森林學習中心是一處住宿設施，周圍森林環繞，提供野炊、手工藝、大自然探索等許多體驗課程。,越前市別院町19-1-1,,每週二、每月第 3 個週日、12 月至 3 月閉館,*費用依工坊類型而定。(*需事先預約),
spot-54-chi-TW,Tree Picnic Adventure Ikeda,丹南,https://enjoy.pref.fukui.lg.jp/tcn/spot/spot-54/,https://images.ctfassets.net/28myztxqgnfy/276/a71cf19bd867852511cf11624be9f323/img_spot_054_01.jpg?q=30,到 Tree Picnic Adventure Ikeda 享受露營和戶外活動之樂，可以搭乘總長將近一公里的飛行滑索飛越森林上空，或沿著足羽川冒險泛舟。,今立郡池田町志津原28-16,10:00 - 17:00,3 月下旬至 12 月上旬的週二休園本場所開放時間以 1 月中至 3 月初的週六、週日及國定假日為準。,"高空索道 3,700日圓 / 探險樂園 1,100日圓 - 3,700日圓 *費用依行程而定 / 探險船12,000日圓 / 住宿費用取決於季節及住宿設施。",https://picnic.ikeda-kibou.com/
spot-55-chi-TW,福井縣兒童科學館,坂井,https://enjoy.pref.fukui.lg.jp/tcn/spot/spot-55/,https://images.ctfassets.net/28myztxqgnfy/278/4b1c483909b67bd6434636c90a63e1ec/img_spot_055_01.jpg?q=30,福井縣兒童科學館是一座大型兒童博物館，遊客可以透過親手操作學習科學和外太空的知識。,坂井市春江町東太郎丸3-1,9:30 - 17:00 (7 月至 8 月 9:30 - 18:00),例假日以外週一、假日隔日 (不含週末與假日當日)、12 月 28 日至 1 月 2 日間,太空劇場 520日圓 (成人)  260日圓 (國中小學生) 100日圓 (孩童) / 展覽區 100日圓 (成人),https://angelland.or.jp/
spot-56-chi-TW,片町和濱町,福井,https://enjoy.pref.fukui.lg.jp/tcn/spot/spot-56/,https://images.ctfassets.net/28myztxqgnfy/280/54db117895477677998119f4b4859b80/img_spot_056_01.jpg?q=30,片町和濱町是福井市夜生活首選去處，片町氣氛熱鬧，容易親近，濱町則以高級餐廳酒吧聞名。,福井市,營業時間依店家而定。,營業時間依店家而定。,費用依店家而定。,
spot-57-chi-TW,越前大野城,奧越,https://enjoy.pref.fukui.lg.jp/tcn/spot/spot-57/,https://images.ctfassets.net/28myztxqgnfy/282/ab98212014e292db7db1d3748fdddbb9/img_spot_057_01.jpg?q=30,越前大野城因獨特的天氣現象，在國際間享有盛名。某些時候，只要早晨天氣條件對了，濃霧會籠罩市區，而大野城拔地而起，彷彿飄浮在雲霧之上。,大野市城町3-109,9:00 - 17:00 (4 月至 9 月)；6:00 - 16:00 (10 月至 11 月),12 月至 3 月,300日圓 (成人),https://www.onocastle.net/
spot-58-chi-TW,水晶濱海水浴場,二洲,https://enjoy.pref.fukui.lg.jp/tcn/spot/spot-58/,https://images.ctfassets.net/28myztxqgnfy/284/34c01d576aff3fa597aeca2f77cff0fb/img_spot_058_01.jpg?q=30,水晶濱海水浴場是夏天的熱門勝地，有著水晶般清澈的海水，以及閃閃發亮的沙灘。海灘上有商店與淋浴設施，方便遊客使用。,三方郡美浜町竹波,不限時段,,免費,
spot-59-chi-TW,永平寺放水燈,福井,https://enjoy.pref.fukui.lg.jp/tcn/spot/spot-59/,https://images.ctfassets.net/28myztxqgnfy/286/c1835d23b27163383e4e1fd9a58043e5/img_spot_059_01.jpg?q=30,"永平寺放水燈是福井八月的代表性活動，漂在九頭龍川的 10,000 盞燈籠承載了對亡者的思念。","吉田郡永平寺町穀口
地點：永平寺河川公園",每年 8 月下旬,,免費,
spot-60-chi-TW,美術館 Brilliant Heart Museum,坂井,https://enjoy.pref.fukui.lg.jp/tcn/spot/spot-60/,https://images.ctfassets.net/28myztxqgnfy/288/df4765ada73925b87d81d4c0a43c4b55/img_spot_060_01.jpg?q=30,美術館 Brilliant Heart Museum 位於福井縣北部海岸，館內有利用天然採光的藝術裝置，還有能欣賞到雄島景色的作品。,坂井市三國町安島字26-21,11:00 - 17:00 (開放入場至 16:00 為止),週一至週四 (假日除外),"¥2,000",https://www.brilliant-heart-museum.jp/
spot-61-chi-TW,森林與河川散步道,丹南,https://enjoy.pref.fukui.lg.jp/tcn/spot/spot-61/,https://images.ctfassets.net/28myztxqgnfy/290/e04ba50139c58c3539115c711e89c249/img_spot_061_01.jpg?q=30,「森林與河川散步道」（森と川の遊歩道）是池田町大自然中的步道，總長四公里，遊客可享受中等難度的健行，沿途欣賞足羽川沿岸的季節之美。,今立郡池田町志津原-土合皿尾,不限時段,降雪期間停止入場,免費,
spot-62-chi-TW,日本海魚市場,二洲,https://enjoy.pref.fukui.lg.jp/tcn/spot/spot-62/,https://images.ctfassets.net/28myztxqgnfy/292/012176cc84fb101cd82c7f130f5135e0/img_spot_062_01.jpg?q=30,日本海魚市場是日本海沿岸最大的魚市，內有 50 多家魚販和將近 20 家餐廳。,福井縣敦賀市若葉町1-1531,10:00 - 17:30 *9:00 左右店家陸續開始營業 (餐廳除外),"場休：不特定假日
*每月第 2 個週三休息，但 2022 年 7 月、 8 月、11 月及 12 月除外",免費入場,https://www.sakanamachi.info/
spot-63-chi-TW,水島,二洲,https://enjoy.pref.fukui.lg.jp/tcn/spot/spot-63/,https://images.ctfassets.net/28myztxqgnfy/294/4dbc09fa95873394c758e5e519ccc1cf/img_spot_063_01.jpg?q=30,水島有「北陸夏威夷」的稱號，是敦賀半島外海的小島，擁有白色沙灘，清澈的藍色海水，每到夏季便成為熱門景點。,福井縣敦賀市色濱,渡輪於 7 月上旬至 8 月下旬每日航行。如遇天候惡劣，渡輪將視情況停航。,,"船票 1,200日圓 (成人) ，650日圓 (孩童)",
spot-64-chi-TW,若狹小濱魚市,若狹,https://enjoy.pref.fukui.lg.jp/tcn/spot/spot-64/,https://images.ctfassets.net/28myztxqgnfy/296/db033caa15d50b398fc9fb0ec12243eb/img_spot_064_01.jpg?q=30,若狹小濱魚市是備受當地人喜愛的海鮮市場，遊客可在市場內的餐廳享用壽司、生魚片，或購買新鮮當地漁獲，自己燒烤。,福井縣小濱市川崎2-5-1,營業時間依店家而定。,營業時間依店家而定。,費用依店家而定。,https://osakanacenter.com/
spot-65-chi-TW,雄島,坂井,https://enjoy.pref.fukui.lg.jp/tcn/spot/spot-65/,https://images.ctfassets.net/28myztxqgnfy/298/b03cc89d6f90aecb2750e45dda4e81a4/img_spot_065_01.jpg?q=30,雄島在福井北部海岸邊，距離東尋坊不遠，島上草木茂盛，因為面積小，大約一小時就可以走完。,坂井市三國町安島,不限時段 (日落後停止入場),冬季強風豪雪及其他季節惡劣天候時間謝絕登島。,免費,
spot-66-chi-TW,能面美術館,丹南,https://enjoy.pref.fukui.lg.jp/tcn/spot/spot-66/,https://images.ctfassets.net/28myztxqgnfy/300/0879bc2f31a0502b3f29c90103345bf6/img_spot_066_01.jpg?q=30,能面美術館展出超過 100 件能劇面具，其中有許多出自大師之手。美術館每個月舉辦兩次面具雕刻課程。,今立郡池田町志津原17-2,10:00 - 16:00 (平日) / 10:00 - 17:00 (週末),週二、年末暨新年假期,300日圓 (成人) / 200日圓 (國中小學生),
spot-67-chi-TW,若州一滴文庫,若狹,https://enjoy.pref.fukui.lg.jp/tcn/spot/spot-67/,https://images.ctfassets.net/28myztxqgnfy/302/0414d617544ec7f25b7425da32debf10/img_spot_067_01.jpg?q=30,若州一滴文庫以作家水上勉的文學作品為主題，遊客可欣賞畫作，出自與水上合作的畫師之手，還能玩賞用以表演其作品的人偶。,大飯郡大飯町岡田33-2-1,9:00 - 17:00,週二、 12 月 29 日至 1 月 3 日,"300日圓 (成人)
*國中生以下及 70 歲以上長者免費。",https://itteki.jp/
spot-68-chi-TW,格里菲斯紀念館 (Griffis Museum),福井,https://enjoy.pref.fukui.lg.jp/tcn/spot/spot-68/,https://images.ctfassets.net/28myztxqgnfy/303/ddb6ba20db81c26b0b6624042443799d/img_spot_068_01.jpg?q=30,"格里菲斯紀念館 (Griffis Museum) 專為紀念美國教育家格里菲斯 (William Elliott Griffis, 1843-1928) 而建。他在明治初年主導了福井當地學校的現代化，並寫下了他在快速變化的年代所經歷的點點滴滴。",福井市中央3-5-4,"10:00 - 19:00
從 12 月 1 日至 2 月底，閉館時間為 18:00。
閉館前 30 分鐘為最後入館時間。",年末暨新年假期 (12/28 - 1/04),免費入場,http://www.fukui-rekimachi.jp/griffis/
spot-69-chi-TW,福井縣立歷史博物館,福井,https://enjoy.pref.fukui.lg.jp/tcn/spot/spot-69/,https://images.ctfassets.net/28myztxqgnfy/304/64db26ad3f73d9da3784952f1322d720/img_spot_069_01.jpg?q=30,在福井縣立歷史博物館，遊客可以一探福井千百年來的生活方式沿革。遊客可以見到數千年歷史的珍貴史蹟物品。,福井市大宮2-19-15,9:00 - 17:00 (16:30 後停止入場),"每月第 2 與第 4 個週三、年末暨新年假期 (12/28 - 1/02)
館場可能配合佈展或維護整理而暫時休館。","100日圓 (成人)
高中生以下及 70 歲以上免費入場。",https://www.pref.fukui.lg.jp/muse/Cul-Hist/
spot-70-chi-TW,福井市立鄉土歷史博物館,福井,https://enjoy.pref.fukui.lg.jp/tcn/spot/spot-70/,https://images.ctfassets.net/28myztxqgnfy/305/a7f7af80097e444945d900fb899a0093/img_spot_070_01.jpg?q=30,福井市立鄉土歷史博物館，專供遊客一覽福井今昔歷史。館內也提供手作體驗。,福井市寶永3-12-1,"9:00 - 17:00 (3 月 1 日至 11 月 5 日 19:00 閉館)
閉館前 30 分鐘為最後入館時間。","年末與新年假期
配合展覽換檔或建物維護等因素不定期閉館 (敬請連往官網查詢)","220日圓 (常設展覽門票) / 100日圓 (常設展覽及養浩館庭園門票)
*國中生以下，70歲以上民眾，持有身心障礙手冊、療育手冊、精障保健福祉手冊民眾及其陪伴者可免費入場。",http://www.history.museum.city.fukui.fukui.jp/
spot-71-chi-TW,北之庄城與柴田神社,福井,https://enjoy.pref.fukui.lg.jp/tcn/spot/spot-71/,https://images.ctfassets.net/28myztxqgnfy/306/af1fc968c64c447672124934d2c9dac2/img_spot_071_01.jpg?q=30,到了柴田公園，遊客可一睹北之庄城的出土遺跡，以及用來祭祀戰國武將柴田及妻子阿市的神社。,福井市中央1-21-17,不限時段,,免費,
spot-72-chi-TW,福井市美術館,福井,https://enjoy.pref.fukui.lg.jp/tcn/spot/spot-72/,https://images.ctfassets.net/28myztxqgnfy/307/6462050f526a8346c49dc6f859d2df10/img_spot_072_01.jpg?q=30,福井市美術館永久館藏豐富，全年亦不定時舉辦特展。館內設有藝術創作空間，常態性舉辦適合各年齡層的藝術工作坊。,福井市下馬3-111,9:00 - 17:15 (16:45 之前開放入場),週一 (非假日)、假日隔日 (週日除外)、年末暨新年假期(12/28 - 1/04),"常設展 
100日圓 (成人、大學生、高中生)　
50日圓 (20 人以上團體)
國中生以下、70 歲以上及行動不便民眾可免費入場。

特展
依個別特展收費。",http://www.art.museum.city.fukui.fukui.jp/aboutus-en1.html
spot-73-chi-TW,佐佳枝廼社,福井,https://enjoy.pref.fukui.lg.jp/tcn/spot/spot-73/,https://images.ctfassets.net/28myztxqgnfy/308/60083cb2ee7873a1172c256213fedf50/img_spot_073_01.jpg?q=30,佐佳枝廼社位於福井城遺址旁。神社全年都會舉辦活動，其中包含 5 月初的盛大祭典。,福井市大手3-12-3,不限時段,,免費,https://www.sakaenoyashiro.or.jp/
spot-74-chi-TW,福井市中央公園,福井,https://enjoy.pref.fukui.lg.jp/tcn/spot/spot-74/,https://images.ctfassets.net/28myztxqgnfy/309/69501a8d3fe9d221989f736f694be83b/img_spot_074_01.jpg?q=30,福井市中央公園是一處公共綠地，可以欣賞福井城牆。這裡一年四季都會舉辦公眾活動。,福井市大手3-11,不限時段,,免費,
spot-75-chi-TW,福井神社,福井,https://enjoy.pref.fukui.lg.jp/tcn/spot/spot-75/,https://images.ctfassets.net/28myztxqgnfy/310/5203171854c8d71495abd475e75ebbc5/img_spot_075_01.jpg?q=30,福井神社以其獨特的建築聞名。神社主體與鳥居入口在 1950 年代後期以水泥重建。,福井市大手3-16-1,不限時段,,免費,
spot-76-chi-TW,兔越民家園,福井,https://enjoy.pref.fukui.lg.jp/tcn/spot/spot-76/,https://images.ctfassets.net/28myztxqgnfy/311/a86106eaec3581b1a522068d112358c1/img_spot_076_01.jpg?q=30,兔越民家園是座大公園，有五棟傳統茅草屋。遊客可盡情探索這些屋舍，甚至租借來舉辦私人活動。,福井市月見5-4-48,9:00 - 17:15 (16:45 之前開放入場),週一 (逢假日則順延一天)，國定假日隔天 (若隔天為週六或週日則園區照常開放)，年末暨新年假期 (12 月 28 日至 1 月 4 日),"110日圓 (成人)
國中生以下、70 歲以上及行動不便民眾可免費入場。",
spot-77-chi-TW,氣比神宮,二洲,https://enjoy.pref.fukui.lg.jp/tcn/spot/spot-77/,https://images.ctfassets.net/28myztxqgnfy/312/c4711c28ca310ce730d9374c49310407/img_spot_077_01.jpg?q=30,氣比神宮以「長命水」聞名遐邇。由於神宮供奉的神祇都極為長壽，眾人因此認為此泉水為神水。,敦賀市曙町11-68,"5:00 - 17:00 (4 月至 9 月), 6:00 - 17:00 (10 月至 3 月)",每週開放 7 天,免費,https://kehijingu.jp/
spot-78-chi-TW,金崎宮,二洲,https://enjoy.pref.fukui.lg.jp/tcn/spot/spot-78/,https://images.ctfassets.net/28myztxqgnfy/313/6c1f40ca4a96b7a9a18a9871d2e03a3f/img_spot_078_01.jpg?q=30,每年 4 月上旬，金崎宮都會舉辦換花祭。宮內四百餘株櫻花樹也在 4 月綻放。,敦賀市金崎町1-4,不限時段,,免費入場,http://kanegasakigu.jp/
spot-79-chi-TW,敦賀市立博物館,二洲,https://enjoy.pref.fukui.lg.jp/tcn/spot/spot-79/,https://images.ctfassets.net/28myztxqgnfy/314/893855ec0e10858eb2658ad02187df21/img_spot_079_01.jpg?q=30,敦賀市立博物館讓遊客能一窺敦賀的歷史及文化傳統。博物館的建築原是建於二十世紀初的奢華銀行。,敦賀市相生町7-8,10:00 - 17:00,每週一 (如遇假日照常開放，假日隔天休館)，年末暨新年假期 (12/28 - 1/03)，維護日,"300日圓 (成人) 
高中生以下免費",https://tsuruga-municipal-museum.jp/en/
spot-80-chi-TW,西福寺,二洲,https://enjoy.pref.fukui.lg.jp/tcn/spot/spot-80/,https://images.ctfassets.net/28myztxqgnfy/315/79e47c8aa435197f0041f729884729b1/img_spot_080_01.jpg?q=30,"西福寺建於 1368 年，庭園面積總計超過 4,600 平方公尺，據說象徵佛教中的極樂世界。",敦賀市原13-7,9:00 - 17:00 (16:30 之前開放入場),因佛教紀念法會與活動，部分日期與時間不對外開放。,"300日圓 (成人)
國中生以下免費",http://www.saifukuji.jp/
spot-81-chi-TW,御食國若狹小濱食文化館,若狹,https://enjoy.pref.fukui.lg.jp/tcn/spot/spot-81/,https://images.ctfassets.net/28myztxqgnfy/316/a516e5acff76e2ccc35d70c0843db1d8/img_spot_081_01.jpg?q=30,在御食國若狹小濱食文化館，遊客可以認識福井南部作為御膳國的歷史，還能學習如何製作道地料理。,小濱市川崎3-4,9:00 - 17:00 (11 月 1 日至 2 月底) / 9:00 - 18:00 (3 月 1 日至 10 月 31 日),週三 (如遇國定假日則週三營業)、年末暨新年假期 (12/28 - 1/05),文化館免費入場,http://www1.city.obama.fukui.jp/obm/mermaid/en/
spot-82-chi-TW,神宮寺,若狹,https://enjoy.pref.fukui.lg.jp/tcn/spot/spot-82/,https://images.ctfassets.net/28myztxqgnfy/317/c2515feaf8f2b50c18ff377478cd1e0f/img_spot_082_01.jpg?q=30,在3 月 2 日，神宮寺都會舉辦莊嚴隆重的送水儀式，以火炬點燃黑夜，迎接春天的到來。寺院內有多種國家指定重要文化財，百聞不如一見。,小濱市神宮寺30-4,9:00 - 16:00,2 月 15 日至 3 月 5 日,¥400,
spot-83-chi-TW,若狹箸之鄉博物館,若狹,https://enjoy.pref.fukui.lg.jp/tcn/spot/spot-83/,https://images.ctfassets.net/28myztxqgnfy/318/264421419a75f619e241d403e6bf4174/img_spot_083_01.jpg?q=30,"若狹箸之鄉博物館展售了超過 3,000 種的若狹漆筷。遊客可以體驗傳統若狹塗工藝，親手嘗試製作筷子。",小濱市福穀8-1-3,9:00 - 17:00 (平日)；9:00 - 16:00 (週日及國定假日),每週四 (如遇國定假日、8 月 4 日、8 月 13-16 日期間，週四照常開放)，年末暨新年假期,免費入場,https://wakasa-hashi.com/
spot-84-chi-TW,鵜之瀬公園,若狹,https://enjoy.pref.fukui.lg.jp/tcn/spot/spot-84/,https://images.ctfassets.net/28myztxqgnfy/319/04babaef290919b5271ed932929f0395/img_spot_084_01.jpg?q=30,鵜之瀬公園擁有供人放鬆休憩的空間。在每年 3 月 2 日，園內富含礦物質的泉水會用於送水祭中，以迎接春天的到來。,小濱市下根來,"不限時段
*鵜之瀬公園博物館開放時間為 9:00 - 17:00。",,免費,
spot-85-chi-TW,若狹歷史博物館,若狹,https://enjoy.pref.fukui.lg.jp/tcn/spot/spot-85/,https://images.ctfassets.net/28myztxqgnfy/320/cc9dde163152335dd6af360b06679d9f/img_spot_085_01.jpg?q=30,福井縣立若狹歷史博物館讓遊客得以一探福井縣南方地區的歷史，包括其作為「御食國」的地方歷史、佛教藝術，以及若狹祭典相關典故。,小濱市遠敷2-104,9:00 - 17:00 (16:30 之前開放入場),年末暨新年假期，博物館指定日,"310日圓 (成人) 
高中以下未成年學生、70 歲以上長者免費",http://wakahaku.pref.fukui.lg.jp/
spot-86-chi-TW,田烏梯田,若狹,https://enjoy.pref.fukui.lg.jp/tcn/spot/spot-86/,https://images.ctfassets.net/28myztxqgnfy/321/be0617771d16e0aa3cd629295f8c418f/img_spot_086_01.jpg?q=30,田烏梯田沿著日本海的海岸線，覆蓋在陡坡上。遊客可以欣賞小小梯田的季節美景。,小濱市田烏,不限時段,,免費,
spot-87-chi-TW,塚本民藝中心,若狹,https://enjoy.pref.fukui.lg.jp/tcn/spot/spot-87/,https://images.ctfassets.net/28myztxqgnfy/322/bfb97a7a4443d1cd5e2335ba4d9c2ced/img_spot_087_01.jpg?q=30,塚本民藝中心藏有獨特、平底的若狹塗漆達摩玩偶。遊客還能塗繪自己的達摩玩偶。,小濱市福穀8-29-8,9:00 - 18:00,每週二、每週三、年末暨新年假期,"免費入場
達摩彩繪 (需提前一天預約)：950日圓",
spot-88-chi-TW,越前松島水族館,坂井,https://enjoy.pref.fukui.lg.jp/tcn/spot/spot-88/,https://images.ctfassets.net/28myztxqgnfy/323/530b192a1aa0fbfe5a74d2ddbc5e4bf2/img_spot_088_01.jpg?q=30,越前松島水族館提供獨特的零距離體驗。在戶外欣賞企鵝遊行，從透明地板觀看魚缸，或是觸碰真正的鯊魚和魟魚。,坂井市三國町崎74-2-3,"9:00 - 17:30 (平時)
9:00 - 18:00 (夏季平日)
9:00 - 20:00 (黃金週 / 夏季週六、週日及假日)
9:00 - 16:30 (冬季)
*閉館前 30 分鐘停止入場；黃金週期間與夏季晚間，閉館前 1 小時停止入場。",全年開放,"2,000日圓 (成人) /1,000日圓 (國中小學生) / 500日圓 (三歲以上) / 免費 (未滿三歲)",https://www-echizen--aquarium-com.translate.goog/?_x_tr_sl=ja&_x_tr_tl=en&_x_tr_hl=ja&_x_tr_pto=op
spot-89-chi-TW,瀧谷寺,坂井,https://enjoy.pref.fukui.lg.jp/tcn/spot/spot-89/,https://images.ctfassets.net/28myztxqgnfy/324/1795feeae8d5063cd712dfd24ffc4cbd/img_spot_089_01.jpg?q=30,瀧谷寺以其美聞名。遊客可目睹數百年前的寺院建築，並欣賞寺內日式庭園與青苔覆地景觀。,坂井市三國町瀧穀1-7-15,8:00 - 17:00 (3 月 1 日至 10 月 31 日)；8:00 - 16:30 (11 月 1 日至 2 月底),每週開放 7 天,500日圓 (成人)、300日圓 (國高中學生)、200日圓 (孩童),http://www.takidanji.or.jp/
spot-90-chi-TW,Yume Ole 勝山紡織博物館,奧越,https://enjoy.pref.fukui.lg.jp/tcn/spot/spot-90/,https://images.ctfassets.net/28myztxqgnfy/325/c3291e0fa0a54d889ad95350c7128f48/img_spot_090_01.jpg?q=30,Yume Ole勝山是關於勝山絲綢製作的紡織博物館。遊客可一睹巨大的老式紡織機，也可參加手作工藝體驗。,勝山市昭和町1-7-40,9:00 - 17:00 (體驗登記時間為 9:00 - 16:00),每週三 (如遇定假日順延一天)、年末暨新年假期 (12/29 - 1/02),免費入場 (手織杯墊體驗 500日圓、手作蠶繭球體驗 500日圓),https://www.city.katsuyama.fukui.jp/hataya/
spot-91-chi-TW,白山平泉寺歷史探遊館「Mahoroba」,奧越,https://enjoy.pref.fukui.lg.jp/tcn/spot/spot-91/,https://images.ctfassets.net/28myztxqgnfy/326/c63109711fc489b8c08589442af2b2ae/img_spot_091_01.jpg?q=30,在白山平泉寺歷史探遊館「Mahoroba」，遊客不僅可以認識這座古老神社，還能欣賞許多在神社出土的文物收藏。,勝山市平泉寺町平泉寺66-2-12,9:00 - 17:00 (16:30 之前開放入場),年末暨新年假期,免費,
spot-92-chi-TW,勝山城博物館,奧越,https://enjoy.pref.fukui.lg.jp/tcn/spot/spot-92/,https://images.ctfassets.net/28myztxqgnfy/327/3878c48ee68f1e890f5e1fa41946d0e7/img_spot_092_01.jpg?q=30,勝山城博物館是日本最高的天守閣，高達 57.8 公尺。除了有藝術與歷史文物收藏之外，頂樓還可欣賞當地景觀。,福井縣勝山市平泉寺町平泉寺85-26-1,9:30 - 16:30 (16:00 之前開放入場),每週三、年末 (12/28 - 12/31)、設施檢查日,"500日圓 (成人) / 200日圓 (國高中小學生)
*入場費以個別特展規定為準。",http://www.katsuyamajyou.com/
spot-94-chi-TW,若狹三方繩文博物館,丹南,https://enjoy.pref.fukui.lg.jp/tcn/spot/spot-94/,https://images.ctfassets.net/28myztxqgnfy/328/98e8d266425708ecfaecd8cf8aba4f00/img_spot_094_01.jpg?q=30,"在若狹三方繩文博物館，遊客可以認識史前繩文人的生活方式及文化 (西元前 10,000 至 300 年)。手作體驗讓人得以更了解古代生活方式。",勝山市平泉寺町平泉寺85-26-1,9:00 - 17:00 (16:30 之前開放入場),"休館日：每週二 (如遇國定假日順延一天)，年末暨新年假期
*博物館可能配合薰蒸消毒工程暫時休館。",500日圓 (大學以上成人)、200日圓 (國高中小學生)、免費 (持身心障礙手冊者與國小學齡以下嬰童),http://www.town.fukui-wakasa.lg.jp/jomon/
spot-95-chi-TW,玉川洞窟觀音,丹南,https://enjoy.pref.fukui.lg.jp/tcn/spot/spot-95/,https://images.ctfassets.net/28myztxqgnfy/329/fc113fd9754a2d0d130d7575f5f234cf/img_spot_095_01.jpg?q=30,玉川洞窟觀音是一尊十一面觀音佛像，供奉於洞窟盡頭。洞內燈具在牆壁和洞窟頂部投射出奇特的燈光圖案。,福井縣丹生郡越前町玉川,,,免費,https://tamagawa-kannon.jimdofree.com/
spot-96-chi-TW,北前船主之館右近家,丹南,https://enjoy.pref.fukui.lg.jp/tcn/spot/spot-96/,https://images.ctfassets.net/28myztxqgnfy/330/3fd9835866175ffd452e9ff6e66f15b3/img_spot_096_01.jpg?q=30,北前船主之館右近家向遊客介紹北前貿易船的相關歷史。三國港曾是這些貿易船往來的主要港口。,南條郡南越前町河野2-15,9:00 - 16:00,每週三、年末暨新年假期 (12 月 29 日至 1 月 3 日),500日圓 (成人、大學生、高中生)；300日圓 (國中小學生),
spot-97-chi-TW,御誕生寺,丹南,https://enjoy.pref.fukui.lg.jp/tcn/spot/spot-97/,https://images.ctfassets.net/28myztxqgnfy/331/452c83ecc4c2d2f3d891e13147adf33a/img_spot_097_01.jpg?q=30,御誕生寺以寺內超過 30 隻貓咪聞名。訪客一旦捐錢贊助貓咪醫療照顧等，就會獲得以貓咪為主題的物品作為回禮。,越前市莊田町32-1-1,不限時段,,免費,https://www.facebook.com/gotanjouji/
spot-98-chi-TW,岡太與大瀧神社,丹南,https://enjoy.pref.fukui.lg.jp/tcn/spot/spot-98/,https://images.ctfassets.net/28myztxqgnfy/332/edc9c05359d072054a14954410dcadf2/img_spot_098_01.jpg?q=30,岡太與大瀧神社是日本唯一供奉紙祖神的神社。以其巨大繁複的延伸屋頂聞名，它將岡太神社和大瀧神社連成了一體。,越前市大瀧町13-1,不限時段,,免費,https://www.echizenwashi.jp/goddess_of_paper/index.html#2
spot-99-chi-TW,花筐公園,丹南,https://enjoy.pref.fukui.lg.jp/tcn/spot/spot-99/,https://images.ctfassets.net/28myztxqgnfy/333/2b678f8cae702c54fffb7af1a62b825c/img_spot_099_01.jpg?q=30,花筐公園以四季的美景變化聞名，4 月有櫻花綻放，11 月則有楓紅可賞。,越前市粟田部町17,不限時段,,免費,
spot-100-chi-TW,卯立之工藝館,丹南,https://enjoy.pref.fukui.lg.jp/tcn/spot/spot-100/,https://images.ctfassets.net/28myztxqgnfy/334/1dd0e54edb7778836e3d307a17596f02/img_spot_100_01.jpg?q=30,位於越前和紙村內的卯立之工藝館，是日本唯一堅持全程採行傳統工法造紙的地方。遊客可以見證工匠達人以古法工具造紙的每個步驟。,越前市新在家町9-21-2,9:30 - 17:00,,"200日圓 (成人) / 免費 (高中生以下)
*特展期間 300日圓
*單筆入場費亦可同時參觀造紙文化博物館。",https://www.echizenwashi.jp/udatsu/
spot-101-chi-TW,紙莎草館,丹南,https://enjoy.pref.fukui.lg.jp/tcn/spot/spot-101/,https://images.ctfassets.net/28myztxqgnfy/335/86d547029517c9b549d9ec2f0b5064f4/img_spot_101_01.jpg?q=30,紙莎草館設有使用傳統技術的手作製紙坊。商店內販賣琳瑯滿目的當地紙製品，從筆記本這類日常用品到獨特的室內紙製擺設皆應有盡有。,越前市新在家町8-44,9:00 - 16:00,年末暨新年假期,"和紙製作體驗費用另計
*色紙尺寸 (242mm×272mm)：500日圓 (1 張) /
*明信片尺寸：800日圓 (4 張) / *杯墊尺寸：800日圓 (6 張)
*名片與書籤尺寸：1,000日圓 (10 張) / *中尺寸：1,000日圓 (1 張) / 大尺寸：1,800日圓 (1 張) /* 日式團扇 (含組裝包)： 1,300日圓 (每把)/ 
* 迷你日式團扇 (明信片大小，含組裝包)：1,100日圓 (每把) / * 燈罩 (含組裝包)2,400日圓 (小尺寸)、2,600日圓 (大尺寸)每件",https://www.echizenwashi.jp/english/
spot-102-chi-TW,道之驛站「越前大野荒島之鄉」,奧越,https://enjoy.pref.fukui.lg.jp/tcn/spot/spot-102/,https://images.ctfassets.net/28myztxqgnfy/336/2275834602722a350d22558453a75e51/img_spot_102_01.jpg?q=30,在道之驛站「越前大野荒島之鄉」，遊客可用餐、觀賞小型水族館、租借過夜露營車停車位及享受戶外活動。,大野市蕨生137-21-1,以個別設施規定為準,以個別設施規定為準,以個別設施規定為準,https://arashimanosato.com/
spot-103-chi-TW,蘆原果園,坂井,https://enjoy.pref.fukui.lg.jp/tcn/spot/spot-103/,https://images.ctfassets.net/28myztxqgnfy/337/d1fe63a61c23275d0c8b33c54a47ad74/img_spot_103_01.jpg?q=30,蘆原果園讓遊客得以享受親自採果的樂趣。依據不同時節，遊客可以摘採藍莓、無花果、葡萄或柿子等新鮮水果。,粟原市青之木43-35-1,11:00 - 16:00 (3 月下旬至 11 月底),12 月初至 3 月中,"採果活動 (半小時內吃到飽)
1,500日圓 (成人、國中上以上)；1,000日圓 (國小學生)；750日圓 (三歲以上)；免費 (未滿三歲)",https://www.awarafruitland.com/
spot-104-chi-TW,越前蕎麥之鄉,丹南,https://enjoy.pref.fukui.lg.jp/tcn/spot/spot-104/,https://images.ctfassets.net/28myztxqgnfy/338/84d299cc473122b945518fced72eda55/img_spot_104_01.jpg?q=30,越前蕎麥之鄉是一家蕎麥麵工廠與餐廳。遊客可以參加體驗課程，學習製作蕎麥麵，或採購當地特產。,越前市真柄町7-37,9:30 - 16:00,新年假期 (1/01 - 1/03),"打蕎麥體驗 1,800日圓 (需事先預約)",https://www.echizensoba.co.jp/english
spot-105-chi-TW,越前漆之鄉會館,丹南,https://enjoy.pref.fukui.lg.jp/tcn/spot/spot-105/,https://images.ctfassets.net/28myztxqgnfy/339/ebe95664c2e32ee7eda61c1adff0e248/img_spot_105_01.jpg?q=30,在越前漆之鄉會館中，遊客可以欣賞傳統工匠的精湛手藝，也可以親自裝飾已上漆的木器，或是替原木上漆，還能在商店選購各式各樣的當地產品。,鯖江市西袋町40-1-2,9:00 - 17:00,每月第 4 個週四 (如遇假日照常開放，假日隔天休館)，年末暨新年假期 (12/29 - 1/03),展示區免費,http://echizen.org/（Echizen Lacquerware Cooperative）
spot-106-chi-TW,重右衛門,奧越,https://enjoy.pref.fukui.lg.jp/tcn/spot/spot-106/,https://images.ctfassets.net/28myztxqgnfy/340/6d66730ddc4541088c8dfdbd9f9de2b7/img_spot_106_01.jpg?q=30,野村醬油經營的重右衛門特殊體驗廠，能讓遊客能親身體驗製作醬油的過程，自己動手攪拌、榨取，再將自製醬油裝瓶帶回家。,大野市日吉町10-1,9:00 - 17:00,,"醬油製作體驗 1,000日圓",http://nomura-syouyu.jp/
spot-107-chi-TW,Cocono 藝術空間,奧越,https://enjoy.pref.fukui.lg.jp/tcn/spot/spot-107/,https://images.ctfassets.net/28myztxqgnfy/341/e848d5c44bbd7912150bf6d02175cbcb/img_spot_107_01.jpg?q=30,Cocono 藝術空間是一間藝廊，讓大野市民擁有一方天地，盡情展示自己的藝術收藏。此棟建築由老屋翻修而成，設有咖啡館與商店。,大野市元町12-2,9:00 - 17:00,每週一 (國定假日除外)、國定假日隔天、年末暨新年假期,"300日圓 (成人)；免費 (國中生以下)
* 入場費依展覽而異。",https://www.cocono-art.jp/
spot-108-chi-TW,五色山公園,若狹,https://enjoy.pref.fukui.lg.jp/tcn/spot/spot-108/,https://images.ctfassets.net/28myztxqgnfy/342/2bab4bfef452237c63a032f705eb5f8d/img_spot_108_01.jpg?q=30,五色山公園位於高濱町的蓊鬱山丘上，公園的特點在於過夜露營區、雕塑美術博物館及萬紫千紅的時令景緻。,高濱町山中64-3-1,8:30 - 17:00,"休園日：每週一 (如遇國定假日順延一天)
*冬季 12 月 1 日至 2 月底休園",免費,http://www.goshikiyama.com/
spot-109-chi-TW,港敦賀山車會館,二洲,https://enjoy.pref.fukui.lg.jp/tcn/spot/spot-109/,https://images.ctfassets.net/28myztxqgnfy/343/1fd63de397fe63764a665c50000cc584/img_spot_109_01.jpg?q=30,港敦賀山車會館不僅是博物館，也是敦賀祭山車的儲存場地。其中，有三輛山車全年在此展示。,敦賀市相生町7-6,10:00 - 17:00,"每週一、年末暨新年假期 (12/29 - 1/03)
*如遇假日照常開放，假日隔天休館；隔天為週六或週日者照常開放。
*博物館可能配合維護工程而暫時休館。",300日圓 (成人)；免費 (高中生以下),
spot-110-chi-TW,紙人偶資料館,二洲,https://enjoy.pref.fukui.lg.jp/tcn/spot/spot-110/,https://images.ctfassets.net/28myztxqgnfy/344/5fd95c11865c22f600405135db194ae3/img_spot_110_01.jpg?q=30,紙人偶資料館中收藏著許多以和紙創作的立體模型，栩栩如生描繪了日本 1930 年代種種日常生活情景。,敦賀市相生町13-14,"10:00 - 17:00 (4 月至 10 月)、10:00 - 16:00 (11 月至 3 月)
開館日：每週四至週日、假日",年末暨新年假期 (12/29 - 1/03),200日圓 (成人)；免費 (國小以下),https://minato-tsuruga.jp/%E7%B4%99%E3%82%8F%E3%82%89%E3%81%B9%E8%B3%87%E6%96%99%E9%A4%A8/ (Minato-tsuruga corporation)
spot-111-chi-TW,紙文化博物館,丹南,https://enjoy.pref.fukui.lg.jp/tcn/spot/spot-111/,https://images.ctfassets.net/28myztxqgnfy/345/d3209769f6ca570c4b2e9d1f6f9ca392/img_spot_111_01.jpg?q=30,紙文化博物館向遊客介紹越前和紙的歷史典故，並讓人一探其藝術潛力。,越前市新在家町11-12,9:30 - 17:00 (16:30 之前開放入場),每週二 (國定假日照常營業) 以及年末暨新年假期,"200日圓 (成人) / 免費 (高中生以下)
*特展期間 300 日圓
*單筆入場費亦可同時參觀卯立之工藝館。",https://www.echizenwashi.jp/museum/
spot-112-chi-TW,越前 Kobushi 組人力車,奧越,https://enjoy.pref.fukui.lg.jp/tcn/spot/spot-112/,https://images.ctfassets.net/28myztxqgnfy/346/12cbe20962e61027e4525c25b00f8f0e/img_spot_112_01.jpg?q=30,越前 Kobushi 組於大野市經營人力車服務，遊客能搭乘人力車，一邊漫遊市街，一邊聆聽車伕兼導遊講述當地歷史。,"福井縣大野市元町1-2
平成大野屋  出發、抵達",開館：春季第 1 天至 11 月底的週六、日及國定假日,遇雨取消,"人力車體驗路線：1,000日圓 (約 15 分鐘)
歷史之路體驗路線：2,000日圓 (約 25 分鐘)
小鎮觀光路線：3,000日圓 (約 35 分鐘)",
spot-113-chi-TW,OTAIKO響,丹南,https://enjoy.pref.fukui.lg.jp/tcn/spot/spot-113/,https://images.ctfassets.net/28myztxqgnfy/347/3cfe7acbf7e40819b8468adffa3bfd0d/img_spot_113_01.jpg?q=30,「OTAIKO響」是日本最盛大的擊太鼓祭典之一，每年八月，這場戶外音樂祭提供盛大表演，包含當地團體及日本各地專業團體。,"福井縣丹生郡越前町下河原37-19-1
會場：Otaiko Hills戶外舞臺",活動日期：8 月下旬,,免費,http://otaikohibike.net/
spot-114-chi-TW,米糠100%酵素風呂 太右衛門,奧越,https://enjoy.pref.fukui.lg.jp/tcn/spot/spot-114/,https://images.ctfassets.net/28myztxqgnfy/348/0a71c212bfbd683fbc6033ebc31f7a1b/img_spot_114_01.jpg?q=30,Spa 機構太右衛門提供米糠酵素浴，顧客在加熱的米糠浴內待滿 15 分鐘後，會出來休息冷卻半小時。,大野市明倫町2-5,10:00 - 18:30 (平日)；9:00 - 16:00 (週六、日及假日),週四、週五,"初次收費 2,750日圓 
基本收費 3,850日圓 
用品未自備者費用 (包含浴袍、浴巾、洗臉巾、紙內衣褲費用) 4,400日圓",
spot-115-chi-TW,RENEW,丹南,https://enjoy.pref.fukui.lg.jp/tcn/spot/spot-115/,https://images.ctfassets.net/28myztxqgnfy/349/42c01ae2bf9d14f21bbada5b537ed03b/img_spot_115_01.jpg?q=30,「RENEW」是一場工坊巡迴活動，在鯖江及越前地區舉辦。活動期間，當地各式產業的傳統職人開放大眾參觀工坊。,鯖江市、越前市、越前町,依展覽方而異,,免費,https://renew-fukui.com/about/
spot-116-chi-TW,悠久浪漫之林 (Yukyu Roman no Mori),丹南,https://enjoy.pref.fukui.lg.jp/tcn/spot/spot-116/,https://images.ctfassets.net/28myztxqgnfy/350/5cc19a560a79c976d7e6bd789bd34894/img_spot_116_01.jpg?q=30,悠久浪漫之林擁有特色茅草屋可供租借宿泊。冬天時，可在地爐旁放鬆，而夏天則可在屋外烹煮晚餐。,丹生郡越前町笈松44-3,餐廳營業時間：10:00 - 16:00,每週二 (黃金週與暑假除外),"茅草屋：18,000日圓起 / 一棟一泊
小木屋：18,000日圓起 / 一棟一泊
打蕎麥體驗： 3,100日圓",
spot-117-chi-TW,越前陶藝村,丹南,https://enjoy.pref.fukui.lg.jp/tcn/spot/spot-117/,https://images.ctfassets.net/28myztxqgnfy/351/01b96312f46b6fcea6ab6d0a5a7ba49d/img_spot_117_01.jpg?q=30,在越前陶藝村，遊客可以了解越前燒歷史，欣賞現代雕塑，並嘗試創造自己的越前燒作品。,福井縣丹生郡越前町小曾原120-61,9:00 - 17:00,年末暨新年假期 (12 月 28 日至 1 月 4 日),"常設展：300日圓 (成人)
未滿 15 歲未成年人、70 歲以上長者免費",https://www.tougeikan.jp/（Fukui Prefectural Ceramic Art Museum）
spot-118-chi-TW,越前大野冬物語,奧越,https://enjoy.pref.fukui.lg.jp/tcn/spot/spot-118/,https://images.ctfassets.net/28myztxqgnfy/352/9bc095ae918c67368e87a6c1bbdb13cb/img_spot_118_01.jpg?q=30,越前大野冬物語於二月上旬舉辦。鎮上到處可見各式各樣的雪雕，夜晚還有煙火秀。,"地點：從JR越前大野結驛站步行15分鐘
會場：越前大野結驛站和七間通周邊（大野市）",活動日期：2 月上旬,,免費,
spot-119-chi-TW,換花祭,二洲,https://enjoy.pref.fukui.lg.jp/tcn/spot/spot-119/,https://images.ctfassets.net/28myztxqgnfy/353/21962d87b0f595d4a7e87a079bd2ff1a/img_spot_119_01.jpg?q=30,每年四月上旬，金崎宮會舉辦換花祭。年輕男女交換櫻花樹枝來祈求幸福良緣。,"敦賀市金崎町
會場：金崎宮",活動日期：4 月上旬,,免費,http://kanegasakigu.jp/hanakae/（Kanegasakigu）
spot-120-chi-TW,越前陶藝祭,丹南,https://enjoy.pref.fukui.lg.jp/tcn/spot/spot-120/,https://images.ctfassets.net/28myztxqgnfy/354/ba66dbb2bdbfc4a235e774c38f1fc52e/img_spot_120_01.jpg?q=30,越前陶藝祭於五月下旬舉辦。祭典核心為超大的陶藝市集，陶藝廠家聚集此地販售多樣商品，價格優惠。,"丹生郡越前町小曾原
會場：越前陶藝村","9:00 - 17:00 (最後一天提前於 16:00 關閉)
活動日期：5 月下旬",,免費,
spot-121-chi-TW,敦賀祭,二洲,https://enjoy.pref.fukui.lg.jp/tcn/spot/spot-121/,https://images.ctfassets.net/28myztxqgnfy/355/efba7fd09647de7065f1109621c561f4/img_spot_121_01.jpg?q=30,敦賀祭於每年 9 月上旬舉辦。欣賞裝飾華麗的山車與傳統音樂舞蹈表演，並觀賞穿著傳統服飾的人龍遊行。,會場：氣比神宮地區、本町、神樂町、相生町和JR車站周邊商業街,活動日期：9 月上旬,,免費,http://tsurugamatsuri.info/
spot-122-chi-TW,放生祭,若狹,https://enjoy.pref.fukui.lg.jp/tcn/spot/spot-122/,https://images.ctfassets.net/28myztxqgnfy/356/cd51b0e21d1307d7354903a518a9625a/img_spot_122_01.jpg?q=30,放生祭是在全市範圍展開的祭典活動，於九月下旬於小濱市舉辦，其以獨特傳統舞蹈與華麗的花車聞名。,會場：八幡神社（小濱市男山）和小濱市都市區,活動日期：9 月下旬,,免費,https://hoze-matsuri.jp/
spot-123-chi-TW,武生菊人偶祭,丹南,https://enjoy.pref.fukui.lg.jp/tcn/spot/spot-123/,https://images.ctfassets.net/28myztxqgnfy/357/203e48b7318686f56e069855388422eb/img_spot_123_01.jpg?q=30,武生菊人偶祭以展示富有特色、由菊花裝飾點綴的真人大小菊人偶為特色。每年十月在武生中央公園舉辦。,"越前市武生
會場：越前市武生中央公園",活動日期：10 月上旬至 11 月上旬,,免費入場,http://xn--08j1a5d044nforx33c.com/
spot-124-chi-TW,永平寺除夕活動,福井,https://enjoy.pref.fukui.lg.jp/tcn/spot/spot-124/,https://images.ctfassets.net/28myztxqgnfy/358/149e0f09ebd5ba823ef71d2702345355/img_spot_124_01.jpg?q=30,永平寺以敲響鐘聲來歡慶新年。在除夕，大鐘會亮起，參訪者得以敲鐘。,"吉田郡永平寺町志比5-15
會場：永平寺境內（寂光寺）","21:00 - 3:00
活動日期：12 月 31 日至 1 月 1 日",,免費,
spot-125-chi-TW,三國花火大會,坂井,https://enjoy.pref.fukui.lg.jp/tcn/spot/spot-125/,https://images.ctfassets.net/28myztxqgnfy/359/d6e5288f5c3080c8b9853ccaa684ab8f/img_spot_125_01.jpg?q=30,每年八月，三國花火大會於三國日落海灘舉辦，其經典表演是自海面綻放的煙花。,"會場：
三國夕陽海灘（坂井市三國町宿、米脅）
九頭竜川船塢公園草坪（坂井市三國町新保）","19:30 - 20:30
活動日期：8 月 11 日",,免費,http://www.mikuni.org/hanabi/
spot-126-chi-TW,七間朝市,奧越,https://enjoy.pref.fukui.lg.jp/tcn/spot/spot-126/,https://images.ctfassets.net/28myztxqgnfy/360/997f2dd5ed736a376cf49d375b147d56/img_spot_126_01.jpg?q=30,大野的七間朝市，除了 1 月至 3 月中休市之外，每日上午 7:00 至 11:00 都有營業。商販銷售新鮮蔬果等物品。,大野市元町10-19,"7:00 - 11:00
開市季節：春季/夏季/秋季",冬季,價格因品項而異。,
spot-127-chi-TW,Asoboya 趣遊,二洲,https://enjoy.pref.fukui.lg.jp/tcn/spot/spot-127/,https://images.ctfassets.net/28myztxqgnfy/361/abe5363449cc4d95fdad7c2deb2a9795/img_spot_127_01.jpg?q=30,Asoboya 趣遊提供由專家帶領進行的戶外活動體驗，主要以三方五湖為活動範圍。活動包含透明獨木舟租借、自行車導覽，以及私人露營套裝行程。,三方上中郡若狹町海山64-9-1,個別行程均有不同,個別行程均有不同,個別行程均有不同,https://wakasa-asobo-ya.com/home/
spot-129-chi-TW,足羽山公園,福井,https://enjoy.pref.fukui.lg.jp/tcn/spot/spot-129/,https://images.ctfassets.net/28myztxqgnfy/362/862cba010033f6477c1f043e3136d1bb/img_spot_129_01.jpg?q=30,足羽山公園以節令花卉如垂枝櫻等聞名，園內動物園亦可免費入場。遊客可以欣賞異國動物，在某些情況下，甚至還能餵食牠們。,福井縣福井市山奧町58-97,不限時段 (遊樂園 9:30 - 16:30),遊樂園休園日：每週一 (如遇假日則順延至次一非假日)；12/29 至 2 月底,免費,
spot-130-chi-TW,三丁町及小濱西組舊城區,若狹,https://enjoy.pref.fukui.lg.jp/tcn/spot/spot-130/,https://images.ctfassets.net/28myztxqgnfy/363/9061b99288c7c07b2f12ae81d67ded3d/img_spot_130_01.jpg?q=30,在三丁町藝妓娛樂場所一帶，有許多迷人的店舖餐館可供探索，而在小濱西組地區則有許多百年以上的建築可細細品味。,小濱市香取,不限時段,,免費,
spot-131-chi-TW,三國會所,坂井,https://enjoy.pref.fukui.lg.jp/tcn/spot/spot-131/,https://images.ctfassets.net/28myztxqgnfy/364/50779d2f5d3632fb18738b01abf71c93/img_spot_131_01.jpg?q=30,三國會所以散播該地區的迷人魅力為己任，舉辦如三國港尋寶等活動。會所辦公室亦提供自行車租借。,腳踏車租賃處：北前通（三國凑町家館）、越前松島站（休假村越前三國）,,,"2 小時 300日圓，每延長 1 小時加收 100日圓，上限 700日圓
兒童自行車：2小時 100日圓，每延長 1 小時加收 100日圓，上限 500日圓",http://mikunikaisyo.org/
spot-132-chi-TW,Sentopia 蘆原,坂井,https://enjoy.pref.fukui.lg.jp/tcn/spot/spot-132/,https://images.ctfassets.net/28myztxqgnfy/365/60275c4b79e9e7fea60930e61f099826/img_spot_132_01.jpg?q=30,位於蘆原溫泉街中心的 Sentopia 蘆原為一處大型公共溫泉浴場。主打兩大浴池區設施、餐廳與商店。,粟原市溫泉4-305,"主浴場開放時間 10:00 - 22:00
餐廳與咖啡館營業時間 10:00 - 20:00",每週二,500日圓 (成人，高中生以上)、300日圓 (中小學生)、200日圓 (3 歲以上),https://awara-saintpia.com/
spot-133-chi-TW,傳統藝能館,坂井,https://enjoy.pref.fukui.lg.jp/tcn/spot/spot-133/,https://images.ctfassets.net/28myztxqgnfy/366/66059d04a5423611b7b2eac025c17a8d/img_spot_133_01.jpg?q=30,在蘆原湯之町站對面的傳統藝能館中，遊客可以體驗傳統藝妓娛樂，也可變身成藝妓，包含化妝與戴假髮。,粟原市溫泉1-203,"9:00 - 15:30
其他時段請先協商 (須事先預約)",,"【藝伎與舞伎換裝體驗】一位 13,000日圓、兩位 11,500日圓 (每人)、 三位 10,000日圓 (每人)
【座敷遊體驗】3,000日圓 (茶點費)",
spot-134-chi-TW,若狹和田海水浴場,若狹,https://enjoy.pref.fukui.lg.jp/tcn/spot/spot-134/,https://images.ctfassets.net/28myztxqgnfy/367/4541d1b2686b5422a45cbd2a5791b378/img_spot_134_01.jpg?q=30,亞洲第一處藍旗海灘是夏季熱門景點，白沙柔軟，海水清澈湛藍，整個夏季都有救生員值班。,大飯郡高濱町和田地區,不限時段,,免費,
spot-135-chi-TW,UMIKARA,若狹,https://enjoy.pref.fukui.lg.jp/tcn/spot/spot-135/,https://images.ctfassets.net/28myztxqgnfy/370/114404a63716bd61ef557ce2d0c2d1ab/img_spot_135_01.jpg?q=30,「UMIKARA」是位於高濱漁港附近的市場，遊客可購買當地新鮮的海產，或在市場內挑一間餐廳享用大餐。,大飯郡高濱町鹽土5-1,由個別商家自訂,由個別商家自訂,由個別商家自訂,https://umikara.co.jp/
spot-136-chi-TW,若狭大飯超級大火勢,若狹,https://enjoy.pref.fukui.lg.jp/tcn/spot/spot-136/,,若狭大飯超級大火勢是一場盛大的火祭大典，每年八月初定期舉辦，活動的特點是熊熊燃燒的巨大火炬，由社區成員齊力旋轉。,"大飯郡大飯町成海
會場：Uminpia大飯",活動日期：8 月初,,免費,https://www.wakasa-ohi.co.jp/sp-ogase/
spot-137-chi-TW,今庄宿,丹南,https://enjoy.pref.fukui.lg.jp/tcn/spot/spot-137/,https://images.ctfassets.net/28myztxqgnfy/371/bac8db312a5b5a2b05d7fbd667d463c6/img_spot_137_01.jpg?q=30,今庄宿曾是重要的宿場町，可通至福井，遊客能沿著一公里長的路段，一覽舊時風貌。,南條郡南越前町今莊,不限時段,,免費,
spot-138-chi-TW,足羽川河畔櫻花,福井,https://enjoy.pref.fukui.lg.jp/tcn/spot/spot-138/,https://images.ctfassets.net/28myztxqgnfy/372/b5057ba19788cb9d3c2119e4f491a9a2/img_spot_138_01.jpg?q=30,福井市內，600 餘株的櫻花樹沿著足羽川畔林立。綿延 2 公里的櫻花在 3 月底至 4 月中旬盛開。,福井市毛矢、九十九、照手、明裡町,花季期間,,免費,
spot-139-chi-TW,六呂師高原,奧越,https://enjoy.pref.fukui.lg.jp/tcn/spot/spot-139/,https://images.ctfassets.net/28myztxqgnfy/374/42427cce114da8245ce8c345b90bdd06/img_spot_139_01.jpg?q=30,六呂師高原位於勝山市及大野市之間，遊客可欣賞地域全景，看乳牛，試著製作奶油或冰淇淋，夜晚享受滿天星光。,野市南六呂師,以個別設施規定為準,以個別設施規定為準,以個別設施規定為準,https://www.rokuroshi.org/
spot-140-chi-TW,福井縣年縞博物館,二洲,https://enjoy.pref.fukui.lg.jp/tcn/spot/spot-140/,https://images.ctfassets.net/28myztxqgnfy/375/b2b84021416dc1cb819de0bc5f7e5784/img_spot_140_01.jpg?q=30,福井縣年縞博物館主要展覽水月湖湖底層層積累而成的沉積物，這些紋泥層可讓人一覽 7 萬年自然史。,"三方上郡若狹町烏濱122-12-1
繩文浪漫園地內
（若狹三方繩文博物館旁）",9:00 - 17:00 (入口於 16:30 關閉）,"每週二、年末暨新年假期 (12/29 - 1/02)
*週二如遇國定假日，改為隔日閉園。
*黃金週及暑假期間不休館
*如遇設施維修，可能暫時休館。","500日圓 (成人)；200日圓 (學生，6 歲 - 18 歲未成年人)
*聯票含若狹三方繩紋博物館，七折優惠。",http://varve-museum.pref.fukui.lg.jp/en/
