id,name,area,url,image,description,地址,开放时间,休息日,費用,网站
spot-1-chi-CN,东寻坊海崖,坂井,https://enjoy.pref.fukui.lg.jp/scn/spot/spot-1/,https://images.ctfassets.net/28myztxqgnfy/154/b2b087839145afd5392618e9b5e6d586/img_spot_001_01.jpg?q=30,东寻坊海崖是沿海岸线绵延一公里长的悬崖峭壁。游客可以在这些岩石峭壁上行走攀爬，还可以乘坐观光船。,福井县坂井市三国町东寻坊,随时,每周7天全部开放,免费,
spot-2-chi-CN,气比松原,二洲,https://enjoy.pref.fukui.lg.jp/scn/spot/spot-2/,https://images.ctfassets.net/28myztxqgnfy/157/0dfdefb5f940b166fbe076789d358b50/img_spot_002_01.jpg?q=30,气比松原是一片长达1.5公里的海滩，沿岸生长有日本赤松和黑松。每年八月，这个广受欢迎的海水浴场都会举办烟花秀。,福井县敦贺市松岛町,随时,每周7天全部开放,免费,
spot-3-chi-CN,三方五湖,二洲,https://enjoy.pref.fukui.lg.jp/scn/spot/spot-3/,https://images.ctfassets.net/28myztxqgnfy/160/4b2792ca11d79733953ba65eaeff23a0/img_spot_003_01.jpg?q=30,三方五湖汇集在较小的区域内。由于每座湖的水深、盐度都不同，所以呈现出的湖色也都不一样。,福井县美滨町（美滨町、若狭町）,随时,每周7天全部开放,免费,
spot-4-chi-CN,瓜割瀑布,若狭,https://enjoy.pref.fukui.lg.jp/scn/spot/spot-4/,https://images.ctfassets.net/28myztxqgnfy/163/9a18d4ae6705fe482bf9f97682fe3c5d/img_spot_004_01.jpg?q=30,瓜割瀑布以常年泉水冰凉而闻名。美味的泉水在全日本的评选赛中赢得了好评。,福井县若狭町天德寺37-1-3,免费参观,每周7天全部开放,免费（带水回家的游客需缴纳300日元）,
spot-5-chi-CN,一乘瀑布,福井,https://enjoy.pref.fukui.lg.jp/scn/spot/spot-5/,https://images.ctfassets.net/28myztxqgnfy/166/d306090b59f74423463c8f5168c3ec5e/img_spot_005_01.jpg?q=30,一乘瀑布高达12米，毗邻一乘谷朝仓氏遗址，秋天掩映在鲜艳如火的红叶之中。相传，著名剑术家佐佐木小次郎曾在此修炼。,福井县福井市净教寺町,随时,每周7天全部开放,免费,
spot-6-chi-CN,呼鸟门,丹南,https://enjoy.pref.fukui.lg.jp/scn/spot/spot-6/,https://images.ctfassets.net/28myztxqgnfy/169/31cd017085fc38bf1a4a0f8bda3b5969/img_spot_006_01.jpg?q=30,“呼鸟门” 是越前海岸线上的一个天然洞穴。游客可以直接走进这条天然的岩石隧道。,福井市越前町梨子平,随时,每周7天全部开放,免费,
spot-7-chi-CN,彩虹之路山顶公园,二洲,https://enjoy.pref.fukui.lg.jp/scn/spot/spot-7/,https://images.ctfassets.net/28myztxqgnfy/172/8e99a945f94fe80b5b1b8e90a23067b7/img_spot_007_01.jpg?q=30,彩虹之路环绕三方五湖，是一条全长 11 公里的收费公路。在彩虹之路山顶公园可以观赏到整个三方五湖的全景。,福井县美滨町（美滨町、若狭町）,（10月至次年4月）8:00-18:00/（5月至7月20日/9月）7:00-19:00/（7月21日至8月31日）6:00-20:00,年底和新年假期,"* 高速公路收费 1,040日元（标准尺寸车）/ 2,500日元（小巴）/ 4,000日元（大型巴士和大型载重汽车）/ 730日元（摩托车之外的机车）
* 山顶公园 800日元（含电梯和缆车费用）",http://www.mikatagoko.com/eng/
spot-8-chi-CN,苏洞门,若狭,https://enjoy.pref.fukui.lg.jp/scn/spot/spot-8/,https://images.ctfassets.net/28myztxqgnfy/175/e8280bf2e7bebfaaaf42a07f2f16835a/img_spot_008_01.jpg?q=30,苏洞门是一处半岛海岸景区，海岸线绵延6公里，南临小滨湾，北临若狭湾。游客可乘坐游览船进行观光。,福井县小滨市内外海半岛,9:30-15:30（12月至次年2月观光游览船不运行）,12月至次年2月观光游览船不运行。,"2,000日元（成人）/ 1,000日元（儿童）",http://www.wakasa-fishermans.com/
spot-9-chi-CN,永平寺,福井,https://enjoy.pref.fukui.lg.jp/scn/spot/spot-9/,https://images.ctfassets.net/28myztxqgnfy/603/7ea9e9d942ded7cdb4917ca0ed1437ba/img_spot_009_01.jpg?q=30,永平寺是禅宗曹洞宗的大本山之一。现在有来自日本各地的僧侣在寺院修行。,福井县永平寺町志比5-15,"8:30-16:30（入口关闭时间为16:00 。）
※具体时间会根据寺院的安排而有所不同。",除1月1日外，全年开放。,500日元（成人）/ 200日元（中小学生）/免费（7岁及以下）,https://daihonzan-eiheiji.com/en/
spot-10-chi-CN,越前大佛,奥越,https://enjoy.pref.fukui.lg.jp/scn/spot/spot-10/,https://images.ctfassets.net/28myztxqgnfy/178/d34637149062d5e030ca51710ad8d4b7/img_spot_010_01.jpg?q=30,清大寺的越前大佛是世界上最大的坐佛之一。从寺内五重塔的顶层可以俯瞰该地区的景色。,福井县胜山市片濑町50字1-1,8:00-17:00（冬季会有所变动）,每周7天全部开放（冬季暂停开放）,500日元（成人）/300日元（未成年人）,http://etizendaibutsu.com/
spot-11-chi-CN,龙双瀑布,丹南,https://enjoy.pref.fukui.lg.jp/scn/spot/spot-11/,https://images.ctfassets.net/28myztxqgnfy/181/143d89883d63167763545582bed856ab/img_spot_011_01.jpg?q=30,龙双瀑布位于池田山区。已入选专业机构评选的全日本“百佳瀑布”。,福井县池田町东青,随时,冬季（11月下旬至次年3月底）,免费,
spot-12-chi-CN,一乘谷朝仓氏遗址,福井,https://enjoy.pref.fukui.lg.jp/scn/spot/spot-12/,https://images.ctfassets.net/28myztxqgnfy/184/895c17baa77ae68f9e9c3037ef21a19f/img_spot_012_01.jpg?q=30,一乘谷朝仓氏遗址是约 500 年前建造的一座城邑。古城的遗址位于附近一座小山的山顶上，从那里可以欣赏到这一地区的美丽景色。,福井县福井市城户之内町,一乘谷朝仓氏遗址：随时/复原街道：9:00-17:00（入场截止到16:30）,除年底和新年假期之外，每周7天全部开放,复原街道：330日元（20人以上可享受团体优惠）/12岁以下儿童、残疾人、70岁以上老年人免费,
spot-13-chi-CN,百合之乡公园,坂井,https://enjoy.pref.fukui.lg.jp/scn/spot/spot-13/,https://images.ctfassets.net/28myztxqgnfy/187/bb54dfb4f9a5dbc0ffca8093532a7ad6/img_spot_013_01.jpg?q=30,百合花之乡公园以其广阔的百合和玫瑰花田而闻名。在大多数晚上，这座公园都会灯火通明。每年六月，这里都会举办“百合花节”。,福井县坂井市春江町石冢21-2-3,9:00-21:30,"星期二（6月份时每周7天全部开放）
*如遇星期二为节假日时，则顺延至次日闭园。",免费,
spot-14-chi-CN,养浩馆庭园,福井,https://enjoy.pref.fukui.lg.jp/scn/spot/spot-14/,https://images.ctfassets.net/28myztxqgnfy/190/f944d95f96d9c497841a489fcee3989d/img_spot_014_01.jpg?q=30,养浩馆庭园以其庭园与建筑的完美融合而著称。它建于 17 世纪初，是福井藩主松平家的别墅。,福井县福井市宝永3-11,"9:00-19:00（3月1日至11月5日）（入场截止到18:30）
9:00-17:00（11月6日至次年2月底）（入场截止到16:30）",新年假期（12月28日至次年1月4日）,"220日元（团体入场 160日元）
* 养浩馆庭园及福井市立乡土历史博物馆的套票350日元（团体票 260日元）/20人以上可享受团体优惠/初中生以下的儿童、70岁以上的老年人、有残疾证的人及其看护人免费",http://www.fukuisan.jp/en/yokokan/index.html
spot-15-chi-CN,大安禅寺,福井,https://enjoy.pref.fukui.lg.jp/scn/spot/spot-15/,https://images.ctfassets.net/28myztxqgnfy/193/8e48016b37caffe6e3354a0aa50a1a0e/img_spot_015_01.jpg?q=30,在大安禅寺不仅能够欣赏美景，还可以体验禅修。游客可以通过预约来体验坐禅。每年六月，大安禅寺都会举办鸢尾花节。,福井县福井市田之谷町21-4,9:00-17:00（入口关闭时间为16:30。）,每周7天全部开放,因各体验项目而异,https://www.daianzenji.jp/
spot-16-chi-CN,福井站恐龙广场,福井,https://enjoy.pref.fukui.lg.jp/scn/spot/spot-16/,https://images.ctfassets.net/28myztxqgnfy/196/2c3a90ed35c6cec5168786cbf6469e92/img_spot_016_01.jpg?q=30,“恐龙广场”就设置福井站外，以此纪念在福井发现的许多恐龙。广场上有三只实物大小的恐龙，每隔30分钟就会“活”起来。,福井县福井市中央1丁目,随时,每周7天全部开放,免费,
spot-17-chi-CN,汤烟横丁,坂井,https://enjoy.pref.fukui.lg.jp/scn/spot/spot-17/,https://images.ctfassets.net/28myztxqgnfy/199/ab84ee4109e453fec1a35aa72b7f1e90/img_spot_017_01.jpg?q=30,“汤烟横丁” 位于芦原汤之町站的街对面，由10家供应晚餐的小餐馆组成。每家餐馆都能供应与众不同的特色菜。,福井县粟原市温泉1-203（粟原温泉汤之町广场旁）,因摊位而异,因摊位而异,因摊位而异,https://yukemuriyokocho.com/
spot-18-chi-CN,平泉寺白山神社,奥越,https://enjoy.pref.fukui.lg.jp/scn/spot/spot-18/,https://images.ctfassets.net/28myztxqgnfy/202/09e60f96caee6a1e5d8c805afc4c28ff/img_spot_018_01.jpg?q=30,平泉寺白山神社以境内遍地布满细密青苔的庭园而闻名。沿着通往神社的参道，部分石阶路面也长满了青苔。,福井县胜山市平泉寺町平泉寺,随时,,免费/ 参观白山神社内的国家指定风景名胜“旧玄成院庭园”收费50日元,http://heisenji.jp/
spot-19-chi-CN,福井县立恐龙博物馆,奥越,https://enjoy.pref.fukui.lg.jp/scn/spot/spot-19/,https://images.ctfassets.net/28myztxqgnfy/205/b43198163f0df4e428895f41e15b0bab/img_spot_019_01.jpg?q=30,福井县立恐龙博物馆是以恐龙为主题的博物馆。馆内展出一千多件展品，包括 44 具恐龙骨骼以及如同墙面大小的化石脚印。,福井县胜山市村冈町寺尾51-11,"9:00-17:00（入场截止到16:30）
8:30-18:00（暑假期间，入场截止到17:30）","第二个和第四个星期三（如遇当天为节假日时则顺延至次日，暑假除外。）/年底和新年假期（12月31日至次年1月1日）
*有时会因设施维护等原因而临时闭馆。",730日元（成人）/ 420日元（高中生和大学生）/ 260日元（中小学生）/免费（老人和儿童）,https://www.dinosaur.pref.fukui.jp/en/
spot-20-chi-CN,丸冈城,坂井,https://enjoy.pref.fukui.lg.jp/scn/spot/spot-20/,https://images.ctfassets.net/28myztxqgnfy/208/ad54bd6a03010be13b9ad5e3fe0580ca/img_spot_020_01.jpg?q=30,丸冈城是日本现存十二天守的城堡之一。每到春天，周围的公园内约有 400 株樱花竞相开放。,福井县坂井市丸冈町霞町1-59,8:30-17:00（入场截止到16:30）,,450日元（成人）/ 150日元（中小学生）,https://maruoka-castle.jp/
spot-21-chi-CN,若狭渔人码头,若狭,https://enjoy.pref.fukui.lg.jp/scn/spot/spot-21/,https://images.ctfassets.net/28myztxqgnfy/211/6cd4c1fddc584c2bf3a6ffa291066533/img_spot_021_01.jpg?q=30,若狭渔人码头可以提供新鲜的海鲜以及当地特产。游览船沿着美丽的苏洞门海岸线航行观光，每隔一小时一班。,福井县小滨市川崎1-3-2,（4月至11月）8:30-17:00/（12月至次年3月）9:00-17:00,12月31日和1月1日等,因摊位而异,http://www.wakasa-fishermans.com/
spot-22-chi-CN,人道之港敦贺博物馆,二洲,https://enjoy.pref.fukui.lg.jp/scn/spot/spot-22/,,人道之港敦贺博物馆记述了20世纪时发生在敦贺港的重要人道主义救援事件的非凡故事。,福井县敦贺市金崎町23-1,9:00-17:00（入场截止到16:30）,星期三、年底和新年假期,500日元（成人）/ 300日元（儿童）,https://tsuruga-museum.jp/
spot-23-chi-CN,越前水仙之乡公园,福井,https://enjoy.pref.fukui.lg.jp/scn/spot/spot-23/,https://images.ctfassets.net/28myztxqgnfy/214/bddc6cce42a491493d6ef6f53f49b6d0/img_spot_023_01.jpg?q=30,从12月至2月，越前水仙之乡公园的山坡上开满水仙花。在公园的水仙穹顶内，游客一年四季都可以欣赏到盛开的水仙花。,福井县福井市居仓町43-25,9:00-17:00,年底和新年假期（12月29日至次年1月1日）,310日元（成人）,
spot-24-chi-CN,味真野苑,丹南,https://enjoy.pref.fukui.lg.jp/scn/spot/spot-24/,https://images.ctfassets.net/28myztxqgnfy/216/e857f30b0493ef61ad2f5e0e4d8d7db7/img_spot_024_01.jpg?q=30,味真野苑以其精心设计的日式庭园及季节性花卉而闻名。这座公园是为了纪念当地与日本最古老的诗歌集《万叶集》的渊源。,福井县越前市余川町55-1,随时,,免费,
spot-25-chi-CN,紫式部公园,丹南,https://enjoy.pref.fukui.lg.jp/scn/spot/spot-25/,https://images.ctfassets.net/28myztxqgnfy/218/b638a64ad608a7952c74f6b86d00a167/img_spot_025_01.jpg?q=30,紫式部公园是一个向公众开放的独具特色的日式庭园。这座公园以春季的紫藤花及秋季的红叶而有名。,福井县越前市东千福町20,随时,,免费,
spot-26-chi-CN,北潟湖,坂井,https://enjoy.pref.fukui.lg.jp/scn/spot/spot-26/,https://images.ctfassets.net/28myztxqgnfy/220/5f3d4e72f2e750af49966c51b612fba8/img_spot_026_01.jpg?q=30,北潟湖是一个位于福井北部海岸附近的大型湖泊。游客可以在此租用脚踏船和自行车，或是放松身心，欣赏美景。,福井县粟原市北潟,随时,,免费,
spot-27-chi-CN,莲花公园,丹南,https://enjoy.pref.fukui.lg.jp/scn/spot/spot-27/,https://images.ctfassets.net/28myztxqgnfy/222/f21efd072e5d2b33de78f4935d6fa805/img_spot_027_01.jpg?q=30,莲花公园坐落在一个以莲花闻名的小镇上。每年夏天的莲花节都会举办以莲花为主题的各种体验活动，包括织物染色及用莲茎吸管喝饮料等。,福井县南越前町中小屋64-41,随时,,免费（“莲花节”期间收费200日元）,https://www.facebook.com/hanahasukouenn/
spot-28-chi-CN,福井城遗址,福井,https://enjoy.pref.fukui.lg.jp/scn/spot/spot-28/,https://images.ctfassets.net/28myztxqgnfy/224/87be20a452f68ce1954d309c803d5839/img_spot_028_01.jpg?q=30,“福井城遗址”位于“福井站”附近。每年3月下旬至4月，这里会成为人们喜爱的赏樱胜地。,福井县福井市大手3,随时,,免费,
spot-29-chi-CN,敦贺红砖仓库,二洲,https://enjoy.pref.fukui.lg.jp/scn/spot/spot-29/,https://images.ctfassets.net/28myztxqgnfy/226/85a23a7b0acf00bee3ae6e4381dcac37/img_spot_029_01.jpg?q=30,敦贺红砖仓库由两座历史悠久的红砖建筑组成。如今，建筑内设有巨大立体模型展示敦贺历史的博物馆及餐厅。,福井县敦贺市金崎町4-1,9:30-22:00/立体模型室 9:30-17:30（入场截止到17:00）,星期三（如遇当天为节假日则顺延至次日）/ 12月31日至次年1月2日,免费（立体模型室400日元（成人）/ 200日元（儿童））,http://tsuruga-akarenga.jp/
spot-30-chi-CN,芦原温泉,坂井,https://enjoy.pref.fukui.lg.jp/scn/spot/spot-30/,https://images.ctfassets.net/28myztxqgnfy/228/e70e4af75644ab83817ef185f512a6c0/img_spot_030_01.jpg?q=30,芦原温泉是福井最大的温泉度假小镇。游客可以在温泉旅馆泡温泉放松身心，或者身着日式浴衣，在小镇街道四处走走。,福井县粟原市,因设施而异,因设施而异,因设施而异,https://www.awara-onsen.org/(Ashihara Onsen Ryokan Cooperative Association)
spot-31-chi-CN,眼镜博物馆,丹南,https://enjoy.pref.fukui.lg.jp/scn/spot/spot-31/,https://images.ctfassets.net/28myztxqgnfy/230/45a309a84c93d337ce0c0c79ecf354e3/img_spot_031_01.jpg?q=30,眼镜博物馆向游客介绍眼镜的历史。动手体验式的工作坊让游客有机会亲自制作自己的眼镜。（需要提前预约。）,福井县鲭江市新横江2-3-4,10:00-19:00（星期三、年底和新年假期闭馆）,星期三、年底和新年假期,"免费（工坊 1,800日元起）",https://www.megane.gr.jp/museum/
spot-32-chi-CN,越前竹人偶之乡,坂井,https://enjoy.pref.fukui.lg.jp/scn/spot/spot-32/,https://images.ctfassets.net/28myztxqgnfy/232/47ce6c37ff91b4eecacec001e06bd32a/img_spot_032_01.jpg?q=30,越前竹人偶之乡是一座专门展示传统竹人偶及其他竹制艺术品的博物馆。游客可以尝试在手工作坊中一展身手。,福井县坂井市丸冈町上久米田63-1,（3月至11月）9:00-16:30 /（12月至次年2月）10:00-16:00,星期三，12月26日至 1月1日,免费（附设工坊300日元（成人）/ 150日元（儿童））,http://www.takeningyo.com/
spot-33-chi-CN,西山公园,丹南,https://enjoy.pref.fukui.lg.jp/scn/spot/spot-33/,https://images.ctfassets.net/28myztxqgnfy/234/7fc70671574b1030d99f4049c4547355/img_spot_033_01.jpg?q=30,西山公园是一个大型公园，以樱花、杜鹃花、传统的日式庭园，以及拥有小熊猫的免费动物园而闻名。,福井县鲭江市樱町3-7-20,随时,,免费,
spot-34-chi-CN,宫之下波斯菊广苑,福井,https://enjoy.pref.fukui.lg.jp/scn/spot/spot-34/,https://images.ctfassets.net/28myztxqgnfy/236/305bff16a0757c9be3601b7c202ef35a/img_spot_034_01.jpg?q=30,“宫之下波斯菊广苑”占地17.5公顷，约有1亿株波斯菊竞相开放。在波斯菊盛开的10月，这里会举办波斯菊节。,福井县福井市江上町37-7,随时（开花期）,,免费,
spot-35-chi-CN,九头龙湖,奥越,https://enjoy.pref.fukui.lg.jp/scn/spot/spot-35/,https://images.ctfassets.net/28myztxqgnfy/238/d9cb9a42b4484e8ed0a9a9f9e60b3465/img_spot_035_01.jpg?q=30,九头龙湖位于福井东部山区。它是户外休闲的热门地点，也是春秋美景的游览胜地。,福井县大野市箱濑(九头竜川上游),随时,,免费,
spot-36-chi-CN,万德寺,若狭,https://enjoy.pref.fukui.lg.jp/scn/spot/spot-36/,https://images.ctfassets.net/28myztxqgnfy/240/b3315dda5e1630a0d58bc89f02374844/img_spot_036_01.jpg?q=30,万德寺以其坡地景观庭园与精心设计的枯山水而闻名。寺院内还收藏了数件历史悠久的佛教艺术作品。,福井县小滨市金屋74-23,8:30-17:00,,400日元,
spot-37-chi-CN,熊川宿,二洲,https://enjoy.pref.fukui.lg.jp/scn/spot/spot-37/,https://images.ctfassets.net/28myztxqgnfy/242/0f15906094948b7b772cd710f8e946ce/img_spot_037_01.jpg?q=30,熊川宿宿场町建于1589年，是供来往京都与福井南部若狭地区的旅客休息的驿站。游客可以探索其传统的街道景观。,福井县若狭町熊川,随时,,免费,https://kumagawa-juku.com/
spot-38-chi-CN,藤野严九郎纪念馆,坂井,https://enjoy.pref.fukui.lg.jp/scn/spot/spot-38/,https://images.ctfassets.net/28myztxqgnfy/244/e4e98421a59d12f7107ddded53f767c1/img_spot_038_01.jpg?q=30,藤野严九郎纪念馆是为了纪念藤野与鲁迅之间的终生友谊。在此展出了各种藤野的私人物品。,福井县粟原市温泉1-203,9:00-18:00,星期二，12月29日至次年1月3日,210日元（成人，包括大学生）,
spot-39-chi-CN,小滨公园,若狭,https://enjoy.pref.fukui.lg.jp/scn/spot/spot-39/,https://images.ctfassets.net/28myztxqgnfy/246/da2603038c7c9770df1d8f2021011eaa/img_spot_039_01.jpg?q=30,小滨公园位于小滨湾沿岸。在此可以尽情欢享沙滩、雕塑，以及欣赏小滨市和海湾全景的观景台。,福井县小滨市小滨香取81-1,随时,,免费,
spot-40-chi-CN,胜山滑雪场（SKIJAM）,奥越,https://enjoy.pref.fukui.lg.jp/scn/spot/spot-40/,https://images.ctfassets.net/28myztxqgnfy/248/a5ee2e05688f7fe76eb98d1db1035414/img_spot_040_01.jpg?q=30,"胜山滑雪场（SKIJAM）是日本西部屈指可数的滑雪度假村。共有14条雪道，总计长达5,800米，无论是初学者还是滑雪高手，都能尽享其乐。",福井县胜山市170-70,"平时 8:30-17:00
周末和节假日 8:00-17:00（1月31日前8:00-16:30）",本季的开放时间为从2021年12月18日至2022年4月3日。（有时可能会因天气而关闭。）,"缆车（一日券） 4,800日元（成人）/3,200日元（儿童）/4,300日元（50岁以上）",https://japan-skiguide.com/guide/htm/r0019ens.htm
spot-41-chi-CN,胜山左义长祭,奥越,https://enjoy.pref.fukui.lg.jp/scn/spot/spot-41/,https://images.ctfassets.net/28myztxqgnfy/250/3634e8726bacd41495951fa8941ca587/img_spot_041_01.jpg?q=30,每年2月的最后一个周末会举行胜山左义长祭。整个街道到处都是轻快的音乐，到了周日的晚上以篝火作为这一仪式的圆满结束。,福井县胜山市市内中心部 本町他,2月的最后一个周末,,免费,https://www.city.katsuyama.fukui.jp/kankou/sagityo/
spot-42-chi-CN,送水仪式,若狭,https://enjoy.pref.fukui.lg.jp/scn/spot/spot-42/,https://images.ctfassets.net/28myztxqgnfy/252/b99631ae39879534296c31ede5486b16/img_spot_042_01.jpg?q=30,3月2日晚上会在神宫寺举行“送水仪式”。点燃火把的游行队伍会走到远敷川为圣水祈福。,福井县小滨市神宫寺30-4,3月初,,免费,
spot-43-chi-CN,三国祭,坂井,https://enjoy.pref.fukui.lg.jp/scn/spot/spot-43/,https://images.ctfassets.net/28myztxqgnfy/254/a957edecaecb1bb6f37860a3fc363827/img_spot_043_01.jpg?q=30,三国节的主要庆典活动于每年5月20日举行，高达6米以上的花车是其特色。晚上，这些花车会穿行在小镇狭窄的街道上。,福井县坂井市三国町山王6-2-80,每年5月15日至5月21日,,免费,https://mikunimatsuri.com/
spot-44-chi-CN,若狭一宫神社,若狭,https://enjoy.pref.fukui.lg.jp/scn/spot/spot-44/,https://images.ctfassets.net/28myztxqgnfy/256/8aecdb289054ffbf25415a2330d41dbe/img_spot_044_01.jpg?q=30,若狭一宫神社由两座神社组成。“上社”若狭彦神社被高大的古树环绕。“下社”若狭姬神社离城区较近。,"若狭彦神社/福井县小滨市竜前28-7
若狭彦神社/福井县小滨市远敷65-41",随时,,免费,
spot-45-chi-CN,芝政世界,坂井,https://enjoy.pref.fukui.lg.jp/scn/spot/spot-45/,https://images.ctfassets.net/28myztxqgnfy/258/c1709e1046279f044724060b482b25a8/img_spot_045_01.jpg?q=30,芝政世界是日本西部最大的水上乐园之一，它拥有 50 个水上滑梯以及各种游泳池，还设有卡丁车等游乐设施。,福井县坂井市三国町滨地45-1,营业时间因季节而异。,闭园时间因季节而异。,"3,800日元（成人）/ 2,700日元（儿童）/ 2,700日元（老年人）*包括入场费及游乐项目的费用
1,500日元（成​​人）/ 1,000日元（儿童）/ 1,000日元（老年人）*仅入场费",http://shibamasa.com/
spot-46-chi-CN,金津创作之森,坂井,https://enjoy.pref.fukui.lg.jp/scn/spot/spot-46/,https://images.ctfassets.net/28myztxqgnfy/260/6c3b0ae1883e58ac0d02660f4e246e1b/img_spot_046_01.jpg?q=30,“金津创作之森”不仅设有室内艺术展览馆，还有户外艺术空间。在这里可以动手体验多种艺术。,福井县粟原市宫谷57-2-19,艺术核心区 9:00-17:00（开放时间因设施而异）,星期一（如遇星期一为节假日时，则顺延至星期二）、年底和新年假期,免费入场,https://sosaku.jp/
spot-47-chi-CN,美滨町日向水中拔河,二洲,https://enjoy.pref.fukui.lg.jp/scn/spot/spot-47/,https://images.ctfassets.net/28myztxqgnfy/262/25d1484bd807144f07e772f06ebd65c6/img_spot_047_01.jpg?q=30,每年1月会举行美滨町“日向水中拔河”。来自美滨町的年轻人竞相奋力将一根巨大的拔河绳扯断成两段，然后将其送入大海。,福井县三方郡美滨町日向,1月的第三个星期日,,免费,
spot-48-chi-CN,武生刀具村,丹南,https://enjoy.pref.fukui.lg.jp/scn/spot/spot-48/,https://images.ctfassets.net/28myztxqgnfy/264/fa8bbdc86945cdfa87b4f8d0103c2ec4/img_spot_048_01.jpg?q=30,游客可以了解刀具的制作方法，观看工匠的工作，并在武生刀具村选购各种刀具。甚至可以自己亲手制作刀具。,福井县越前市余川町22-91,9:00-17:00,年底和新年假期,"1,000日元（开信刀工坊）
*具体费用因工房种类而异。工厂参观免费。",https://www.takefu-knifevillage.jp/
spot-49-chi-CN,明通寺,若狭,https://enjoy.pref.fukui.lg.jp/scn/spot/spot-49/,https://images.ctfassets.net/28myztxqgnfy/266/746262c919842cba9b3d7fce479e95cf/img_spot_049_01.jpg?q=30,明通寺坐落于小滨市山区，寺院拥有两个被指定为日本“国宝”的建筑。每年到了11月，寺境内遍地都是橙红色的枫叶。,福井县小滨市门前5-21,9:00-17:00（12月至次年2月为9:00-16:30）,,500日元,https://myotsuji.jimdofree.com/
spot-50-chi-CN,三国日落海滩,坂井,https://enjoy.pref.fukui.lg.jp/scn/spot/spot-50/,https://images.ctfassets.net/28myztxqgnfy/268/60e8af4fe787039d284efa2f7b7ddada/img_spot_050_01.jpg?q=30,三国日落海滩因其浅海滩和日落美景而成为广受欢迎的海滨浴场。每年8月11日，在这片海滩上会举办大型烟花秀。,福井县坂井市三国町宿、米胁,1月的第三个星期日,,免费,https://mikuni-sunset.jp/
spot-51-chi-CN,三国神社,坂井,https://enjoy.pref.fukui.lg.jp/scn/spot/spot-51/,https://images.ctfassets.net/28myztxqgnfy/270/2138cff27686685d7e5e43991537123f/img_spot_051_01.jpg?q=30,三国神社是一座大而幽静的神社。商人捐赠的铜板鸟居、随神门内的雕像等，讲述了三国作为一个富裕港口城镇的故事。,坂井市三国町山王6-2-80,随时,,免费,http://www.mikunijinja.jp/
spot-52-chi-CN,松永六感藤屋,若狭,https://enjoy.pref.fukui.lg.jp/scn/spot/spot-52/,https://images.ctfassets.net/28myztxqgnfy/272/6314e2304568bae19476c59cd9343e0f/img_spot_052_01.jpg?q=30,松永六感藤屋旨在提供一种禅式静居以远离日常生活。这家旅馆供应传统佛教素食的原则与新鲜独特的创意相结合的新式餐点。,小滨市门前9-4,入住时间为15:00-18:00,,住宿和体验需收费。,https://www.matsunagarokkan.com/
spot-53-chi-CN,八杉森林学习中心,丹南,https://enjoy.pref.fukui.lg.jp/scn/spot/spot-53/,https://images.ctfassets.net/28myztxqgnfy/274/f47dd0971e0d07a8cd9e2115d618ade2/img_spot_053_01.jpg?q=30,八杉森林学习中心是一处被森林环绕的住宿设施。设有许多体验活动项目，包括野炊、手工艺以及探索大自然等项目。,越前市别院町19-1-1,,每周星期二闭馆、每月第三 个星期日、12月至次年3月,具体费用因工坊种类而异。（*需要预约）,
spot-54-chi-CN,池田森林郊游探险,丹南,https://enjoy.pref.fukui.lg.jp/scn/spot/spot-54/,https://images.ctfassets.net/28myztxqgnfy/276/a71cf19bd867852511cf11624be9f323/img_spot_054_01.jpg?q=30,“池田森林郊游探险”提供充满乐趣的露营以及户外项目。游客可搭乘一公里长的大型高空滑索穿越森林上空，或是沿着足羽川划桨漂流。,今立郡池田町志津原28-16,10:00-17:00,3月下旬至12月上旬期间，星期二暂停开放。1月中旬至3月初期间仅在星期六、日和节假日开放。,"超级滑索 (Mega Zipline) 3,700日元 / 冒险园地 1,100日元至3,700日元 ※具体费用因项目种类而异。/ 探险船12,000日元 / 住宿费用因季节和住宿类型而异。",https://picnic.ikeda-kibou.com/
spot-55-chi-CN,福井县儿童科学馆,坂井,https://enjoy.pref.fukui.lg.jp/scn/spot/spot-55/,https://images.ctfassets.net/28myztxqgnfy/278/4b1c483909b67bd6434636c90a63e1ec/img_spot_055_01.jpg?q=30,福井县儿童科学馆是一座大型儿童博物馆。参观者可以通过实践性展览来了解科学和外太空。,坂井市春江町东太郎丸3-1,9:30-17:00（7月至8月为 9:30-18:00）,星期一（节假日除外），节假日的次日（周末和节假日除外），12月28日至次年1月2日,太空剧场 520日元（成人）260日元（中小学生）100日元（儿童）/展览区 100日元（成人）,https://angelland.or.jp/
spot-56-chi-CN,片町和滨町,福井,https://enjoy.pref.fukui.lg.jp/scn/spot/spot-56/,https://images.ctfassets.net/28myztxqgnfy/280/54db117895477677998119f4b4859b80/img_spot_056_01.jpg?q=30,福井市的片町和滨町街区是人气的夜生活区。片町十分热闹但又较为实惠，而滨町则以高档餐厅和酒吧闻名。,福井市,营业时间因店铺而异。,营业时间因店铺而异。,费用因店铺而异。,
spot-57-chi-CN,越前大野城,奥越,https://enjoy.pref.fukui.lg.jp/scn/spot/spot-57/,https://images.ctfassets.net/28myztxqgnfy/282/ab98212014e292db7db1d3748fdddbb9/img_spot_057_01.jpg?q=30,越前大野城以其独特的天气现象而闻名。在某些天气条件适宜的早晨，浓雾会笼罩整个城市，这时城堡就会像腾云驾雾般浮于云端。,大野市城町3-109,9:00-17:00（4月至9月）、6:00-16:00（10月至11月）,12月至次年3月,300日元（成人）,https://www.onocastle.net/
spot-58-chi-CN,水晶滨海水浴场,二洲,https://enjoy.pref.fukui.lg.jp/scn/spot/spot-58/,https://images.ctfassets.net/28myztxqgnfy/284/34c01d576aff3fa597aeca2f77cff0fb/img_spot_058_01.jpg?q=30,水晶滨海滨浴场是夏季的热门去处，它拥有水晶般清澈的海水及闪亮的沙滩。为了方便游客，海滩上设有商店和淋浴等设施。,三方郡美浜町竹波,随时,,免费,
spot-59-chi-CN,永平寺放水灯,福井,https://enjoy.pref.fukui.lg.jp/scn/spot/spot-59/,https://images.ctfassets.net/28myztxqgnfy/286/c1835d23b27163383e4e1fd9a58043e5/img_spot_059_01.jpg?q=30,"永平寺放水灯是福井在8月的一项代表性活动。漂流在九头龙川的这10,000盏水灯是寄托了人们对逝者的追思。","吉田郡永平寺町谷口
地点：永平寺河川公园",每年8月下旬,,免费,
spot-60-chi-CN,Brilliant Heart Museum美术馆,坂井,https://enjoy.pref.fukui.lg.jp/scn/spot/spot-60/,https://images.ctfassets.net/28myztxqgnfy/288/df4765ada73925b87d81d4c0a43c4b55/img_spot_060_01.jpg?q=30,坐落在福井北部海岸的“Brilliant Heart Museum”美术馆，馆内不仅有利用自然采光的艺术装置，还有可以欣赏雄岛景色的作品。,坂井市三国町安岛字26-21,11:00-17:00（入场截止到16:00）,星期一至星期四（节假日除外）,"2,000日元",https://www.brilliant-heart-museum.jp/
spot-61-chi-CN,森林与河川游步道,丹南,https://enjoy.pref.fukui.lg.jp/scn/spot/spot-61/,https://images.ctfassets.net/28myztxqgnfy/290/e04ba50139c58c3539115c711e89c249/img_spot_061_01.jpg?q=30,“森林与河川游步道”是位于池田町长四公里的体验大自然的天然小路。沿着足羽川尽情享受具有适度挑战性的健行乐趣及季节美景。,今立郡池田町志津原-土合皿尾,随时,下雪时关闭,免费,
spot-62-chi-CN,日本海鱼市场,二洲,https://enjoy.pref.fukui.lg.jp/scn/spot/spot-62/,https://images.ctfassets.net/28myztxqgnfy/292/012176cc84fb101cd82c7f130f5135e0/img_spot_062_01.jpg?q=30,日本海鱼市场是日本海沿岸最大的海鲜市场。市场内设有50多家店铺以及近20家餐厅。,福井县敦贺市若叶町1-1531,10:00-17:30 *从9:00左右开始陆续营业（餐厅除外）。,"休息日：不定期休息
*2022年除7月、8月、11月和12月外，每月第二个星期三休息",入场免费,https://www.sakanamachi.info/
spot-63-chi-CN,水岛,二洲,https://enjoy.pref.fukui.lg.jp/scn/spot/spot-63/,https://images.ctfassets.net/28myztxqgnfy/294/4dbc09fa95873394c758e5e519ccc1cf/img_spot_063_01.jpg?q=30,水岛被称为“北陆夏威夷”，它是敦贺半岛附近的一个小岛。该岛因其沙滩及清澈湛蓝海水而成为了夏季的热门场所。,福井县敦贺市色滨,从7月初到8月下旬，每天都有渡轮运行。如遇不良天气，渡轮有时会取消。,,"渡轮 1,200日元（成人），650日元（儿童）",
spot-64-chi-CN,若狭小滨渔市,若狭,https://enjoy.pref.fukui.lg.jp/scn/spot/spot-64/,https://images.ctfassets.net/28myztxqgnfy/296/db033caa15d50b398fc9fb0ec12243eb/img_spot_064_01.jpg?q=30,若狭小滨鱼市是一个深受当地人喜爱的海鲜市场。游客可在餐厅享用寿司或生鱼片，或是购买新鲜的当地海鲜后，自己烧烤。,福井县小滨市川崎2-5-1,营业时间因店铺而异。,营业时间因店铺而异。,费用因店铺而异。,https://osakanacenter.com/
spot-65-chi-CN,雄岛,坂井,https://enjoy.pref.fukui.lg.jp/scn/spot/spot-65/,https://images.ctfassets.net/28myztxqgnfy/298/b03cc89d6f90aecb2750e45dda4e81a4/img_spot_065_01.jpg?q=30,雄岛位于福井北部海岸附近，靠近东寻坊海崖。这个草木葱郁的小岛面积较小，大约一个小时就可以走遍整个小岛。,坂井市三国町安岛,随时（日落之后请不要来。）,冬季多风多雪或暴风雨天气时，请勿前来参观。,免费,
spot-66-chi-CN,能面博物馆,丹南,https://enjoy.pref.fukui.lg.jp/scn/spot/spot-66/,https://images.ctfassets.net/28myztxqgnfy/300/0879bc2f31a0502b3f29c90103345bf6/img_spot_066_01.jpg?q=30,“能面美术馆” 展示有一百多件能乐面具，其中包括了许多大师级工匠的作品。每个月在馆内开设两次面具雕刻课程。,今立郡池田町志津原17-2,10:00-16:00（平时）/ 10:00-17:00（周末）,星期二、年底和新年假期,300日元（成人）/ 200日元（中小学生）,
spot-67-chi-CN,若州一滴文库,若狭,https://enjoy.pref.fukui.lg.jp/scn/spot/spot-67/,https://images.ctfassets.net/28myztxqgnfy/302/0414d617544ec7f25b7425da32debf10/img_spot_067_01.jpg?q=30,若州一滴文库主要收藏作家水上勉的作品。游客可在此看到与他合作的艺术家的画作，并观赏演绎其故事的人偶。,大饭郡大饭町冈田33-2-1,9:00-17:00,星期二，12月29日至次年1月3日,"300日元（成人）
*初中生及以下的儿童以及70岁以上的老年人均免费。",https://itteki.jp/
spot-68-chi-CN,格里菲斯纪念馆,福井,https://enjoy.pref.fukui.lg.jp/scn/spot/spot-68/,https://images.ctfassets.net/28myztxqgnfy/303/ddb6ba20db81c26b0b6624042443799d/img_spot_068_01.jpg?q=30,格里菲斯纪念馆（Griffis Museum）是为了纪念美国教育家格里菲斯 (William Elliott Griffis) 而建，他带动了福井学校的现代化，并记录了他在那个快速变化的时代的生活经历。,福井市中央3-5-4,"10:00-19:00
纪念馆在12月1日至2月底期间下午6点闭馆。
最后入馆时间截止到闭馆前30分钟。",年底和新年假期（12月28日至次年1月4日）,免费入馆,http://www.fukui-rekimachi.jp/griffis/
spot-69-chi-CN,福井县立历史博物馆,福井,https://enjoy.pref.fukui.lg.jp/scn/spot/spot-69/,https://images.ctfassets.net/28myztxqgnfy/304/64db26ad3f73d9da3784952f1322d720/img_spot_069_01.jpg?q=30,福井县立历史博物馆可以让游客了解千百年来不同历史时期的福井生活。游客可以在此观赏有着长达数千年历史的文物。,福井市大宫2-19-15,9:00-17:00（入馆时间截止到16:30）,"第2、4个星期三以及年底和新年假期（12月28日至次年1月2日）
博物馆有时会因重新布展及维护而闭馆。","100日元（成人）
高中生及以下儿童，或70岁以上老年人免费入馆。",https://www.pref.fukui.lg.jp/muse/Cul-Hist/
spot-70-chi-CN,福井市立乡土历史博物馆,福井,https://enjoy.pref.fukui.lg.jp/scn/spot/spot-70/,https://images.ctfassets.net/28myztxqgnfy/305/a7f7af80097e444945d900fb899a0093/img_spot_070_01.jpg?q=30,福井市立乡土历史博物馆可以让游客了解福井的古代史和近代史。博物馆里还有动手体验工坊。,福井市宝永3-12-1,"9:00-17:00（3月1日至11月5日19:00闭馆。）
闭馆30分钟前停止入馆。","年底和新年假期
因展览变更、建筑维修等原因而不定期闭馆（请查看网站）","220日元（常设展费用）/ 350日元（常设展费用及养浩馆庭园的门票）
*初中生及以下儿童、70岁以上老年人、持生理残疾证、残障康复证或精神残疾证者及其看护人均可免费入馆。",http://www.history.museum.city.fukui.fukui.jp/
spot-71-chi-CN,北之庄城址与柴田神社,福井,https://enjoy.pref.fukui.lg.jp/scn/spot/spot-71/,https://images.ctfassets.net/28myztxqgnfy/306/af1fc968c64c447672124934d2c9dac2/img_spot_071_01.jpg?q=30,在柴田公园，游客可以参观出土的北之庄城址，以及供奉战国武将柴田胜家夫妇的神社。,福井市中央1-21-17,随时,,免费,
spot-72-chi-CN,福井市美术馆,福井,https://enjoy.pref.fukui.lg.jp/scn/spot/spot-72/,https://images.ctfassets.net/28myztxqgnfy/307/6462050f526a8346c49dc6f859d2df10/img_spot_072_01.jpg?q=30,福井市美术馆不仅有永久艺术收藏品常设展，而且全年都设有各种临时展览。馆内的艺术创作空间定期会举办适合所有年龄段的艺术工作坊。,福井市下马3-111,9:00-17:15（入场时间截止-16:45）,星期一（节假日除外），节假日次日（星期日除外）、年底和新年假期（12月28日至次年1月4日）,"常设展 
100日元（成人、大学生、高中生）
50日元（团体票（20人以上））
初中生及以下儿童、70岁以上老年人、残疾人均免费。

特别展
因各展览而异。",http://www.art.museum.city.fukui.fukui.jp/aboutus-en1.html
spot-73-chi-CN,佐佳枝廼社,福井,https://enjoy.pref.fukui.lg.jp/scn/spot/spot-73/,https://images.ctfassets.net/28myztxqgnfy/308/60083cb2ee7873a1172c256213fedf50/img_spot_073_01.jpg?q=30,佐佳枝廼社位于福井城遗址旁边。神社全年会举办各种活动，其中包括五月初的大型节庆活动。,福井市大手3-12-3,随时,,免费,https://www.sakaenoyashiro.or.jp/
spot-74-chi-CN,福井市中央公园,福井,https://enjoy.pref.fukui.lg.jp/scn/spot/spot-74/,https://images.ctfassets.net/28myztxqgnfy/309/69501a8d3fe9d221989f736f694be83b/img_spot_074_01.jpg?q=30,福井市中央公园是一块公共绿地，在此可以欣赏福井城城墙的美景。全年都会在此举办各种公共活动。,福井市大手3-11,随时,,免费,
spot-75-chi-CN,福井神社,福井,https://enjoy.pref.fukui.lg.jp/scn/spot/spot-75/,https://images.ctfassets.net/28myztxqgnfy/310/5203171854c8d71495abd475e75ebbc5/img_spot_075_01.jpg?q=30,福井神社以其独特的建筑而闻名。神社的主体建筑和鸟居在1950年代后期使用混凝土进行了重建。,福井市大手3-16-1,随时,,免费,
spot-76-chi-CN,兔越民家园,福井,https://enjoy.pref.fukui.lg.jp/scn/spot/spot-76/,https://images.ctfassets.net/28myztxqgnfy/311/a86106eaec3581b1a522068d112358c1/img_spot_076_01.jpg?q=30,兔越民家园是一座大型公园，设有五栋传统的茅草顶房屋。游客可以探索这些老式房屋，甚至还可以租用来举办私人活动。,福井市月见5-4-48,9:00-17:15（入场时间截止到16:45）,星期一（如遇星期一为节假日时，则顺延至次日）、节假日的次日（如遇当天为星期六、星期日则继续开放）、年底和新年假期（12月28日至次年1月4日）,"110日元（成人）
初中生及以下儿童、70岁以上老年人、残疾人均免费。",
spot-77-chi-CN,气比神宫,二洲,https://enjoy.pref.fukui.lg.jp/scn/spot/spot-77/,https://images.ctfassets.net/28myztxqgnfy/312/c4711c28ca310ce730d9374c49310407/img_spot_077_01.jpg?q=30,气比神宫以其“长命水”而闻名。因为神社的神灵都很长寿，所以此处的泉水被认为是神水。,敦贺市曙町11-68,5:00-17:00（4月至9月）、6:00-17:00（10月至次年3月）,每周7天全部开放,免费,https://kehijingu.jp/
spot-78-chi-CN,金崎宫,二洲,https://enjoy.pref.fukui.lg.jp/scn/spot/spot-78/,https://images.ctfassets.net/28myztxqgnfy/313/6c1f40ca4a96b7a9a18a9871d2e03a3f/img_spot_078_01.jpg?q=30,每年4月初，金崎宫会举办一年一度的换花祭。神社的400多棵樱花树也会在4月开花。,敦贺市金崎町1-4,随时,,免费入场,http://kanegasakigu.jp/
spot-79-chi-CN,敦贺市立博物馆,二洲,https://enjoy.pref.fukui.lg.jp/scn/spot/spot-79/,https://images.ctfassets.net/28myztxqgnfy/314/893855ec0e10858eb2658ad02187df21/img_spot_079_01.jpg?q=30,敦贺市立博物馆向游客展示着敦贺的历史和文化传统。该博物馆的建筑原是建于二十世纪初的一座豪华银行。,敦贺市相生町7-8,10:00-17:00,每周星期一（如遇节假日开馆，则在节假日的次日闭馆）、年底和新年假期（12月28日至次年1月3日）、维护日,"300日元（成人）
高中生及以下儿童免费。",https://tsuruga-municipal-museum.jp/en/
spot-80-chi-CN,西福寺,二洲,https://enjoy.pref.fukui.lg.jp/scn/spot/spot-80/,https://images.ctfassets.net/28myztxqgnfy/315/79e47c8aa435197f0041f729884729b1/img_spot_080_01.jpg?q=30,"西福寺建于1368年。其庭园的面积超过4,600平方米，且据说象征着佛教中的极乐世界。",敦贺市原13-7,9:00-17:00（入场时间截止到16:30）,有时会因佛教追悼会和法事活动，特定日期或时间不对外开放。,"300日元（成人）
初中生及以下儿童免费。",http://www.saifukuji.jp/
spot-81-chi-CN,御食国若狭小滨食文化馆,若狭,https://enjoy.pref.fukui.lg.jp/scn/spot/spot-81/,https://images.ctfassets.net/28myztxqgnfy/316/a516e5acff76e2ccc35d70c0843db1d8/img_spot_081_01.jpg?q=30,在御食国若狭小滨食文化馆，游客可以了解福井南部作为御食国的历史，并学习制作当地美食。,小滨市川崎3-4,9:00-17:00（11月1日至次年2月底）/ 9:00-18:00（3月1日至10月31日）,星期三（当天如遇节假日则继续开馆）、年底和新年假期（12月28日至次年1月5日）,入馆免费。,http://www1.city.obama.fukui.jp/obm/mermaid/en/
spot-82-chi-CN,神宫寺,若狭,https://enjoy.pref.fukui.lg.jp/scn/spot/spot-82/,https://images.ctfassets.net/28myztxqgnfy/317/c2515feaf8f2b50c18ff377478cd1e0f/img_spot_082_01.jpg?q=30,3月2日，神宫寺都会举行庄严的“送水”仪式，点燃火把照亮黑夜，以此迎接春天的到来。该寺院拥有多个“重要文化财产”。,小滨市神宫寺30-4,9:00-16:00,2月15日至3月5日,400日元,
spot-83-chi-CN,若狭箸之乡馆,若狭,https://enjoy.pref.fukui.lg.jp/scn/spot/spot-83/,https://images.ctfassets.net/28myztxqgnfy/318/264421419a75f619e241d403e6bf4174/img_spot_083_01.jpg?q=30,"若狭箸之乡馆展售有 3,000 多种若狭涂漆筷。游客可以亲自体验制作传统若狭涂工艺的涂漆筷。",小滨市福谷8-1-3,9:00-17:00（平时）、9:00-16:00（星期日及国定节假日）,每周星期四（星期四为节假日、8月4日、8月13日至16日开馆）、年底和新年假期,免费入馆,https://wakasa-hashi.com/
spot-84-chi-CN,鹈之濑公园,若狭,https://enjoy.pref.fukui.lg.jp/scn/spot/spot-84/,https://images.ctfassets.net/28myztxqgnfy/319/04babaef290919b5271ed932929f0395/img_spot_084_01.jpg?q=30,鹈之濑公园设有可供放松身心和休闲娱乐的空间。每年3月2日，公园内富含矿物质的泉水将被用于送水仪式，以迎接春天的到来。,小滨市下根来,"随时
*鹈之濑公园博物馆的开放时间为 9:00-17:00。",,免费,
spot-85-chi-CN,若狭历史博物馆,若狭,https://enjoy.pref.fukui.lg.jp/scn/spot/spot-85/,https://images.ctfassets.net/28myztxqgnfy/320/cc9dde163152335dd6af360b06679d9f/img_spot_085_01.jpg?q=30,福井县立若狭历史博物馆展示了福井南部的历史，包括该地区曾作为御食国的历史、佛教艺术以及在若狭举办的庆典等。,小滨市远敷2-104,9:00-17:00（入场时间截止到16:30）,年底和新年假期、博物馆指定日,"310日元（成人）
高中生以下的未成年人及70岁以上的老年人免费。",http://wakahaku.pref.fukui.lg.jp/
spot-86-chi-CN,田乌棚田,若狭,https://enjoy.pref.fukui.lg.jp/scn/spot/spot-86/,https://images.ctfassets.net/28myztxqgnfy/321/be0617771d16e0aa3cd629295f8c418f/img_spot_086_01.jpg?q=30,田乌梯田覆盖在日本海沿岸的陡峭山坡上。游客可以在此欣赏这些小块稻田的季节美景。,小滨市田乌,随时,,免费,
spot-87-chi-CN,冢本民艺中心,若狭,https://enjoy.pref.fukui.lg.jp/scn/spot/spot-87/,https://images.ctfassets.net/28myztxqgnfy/322/bfb97a7a4443d1cd5e2335ba4d9c2ced/img_spot_087_01.jpg?q=30,冢本民艺中心备有独具特色的平底若狭漆制达摩玩偶。游客还可以亲自装饰自己的达摩玩偶。,小滨市福谷8-29-8,9:00-18:00,每周星期二、三、年底和新年假期,"免费入场
达摩画（需提前一天预约）：950日元",
spot-88-chi-CN,越前松岛水族馆,坂井,https://enjoy.pref.fukui.lg.jp/scn/spot/spot-88/,https://images.ctfassets.net/28myztxqgnfy/323/530b192a1aa0fbfe5a74d2ddbc5e4bf2/img_spot_088_01.jpg?q=30,越前松岛水族馆可以提供各种独具特色的近距离体验。在馆外区域观看企鹅列队行进，透过透明的地板欣赏鱼池，或是触摸真正的鲨鱼和鳐鱼。,坂井市三国町崎74-2-3,"9:00-17:30（平时）
9:00-18:00（夏季平时）
9:00-20:00（黄金周假期 / 夏季星期六、星期日和节假日）
9:00-16 :30（冬季）
*最后入馆时间为闭馆前30分钟，黄金周假期和夏季夜晚，最后入馆时间为闭馆前1小时。",全年开放,"2,000日元（成人）/ 1,000日元（中小学生）/ 500日元（3岁及以上）/免费（3岁以下）",https://www-echizen--aquarium-com.translate.goog/?_x_tr_sl=ja&_x_tr_tl=en&_x_tr_hl=ja&_x_tr_pto=op
spot-89-chi-CN,泷谷寺,坂井,https://enjoy.pref.fukui.lg.jp/scn/spot/spot-89/,https://images.ctfassets.net/28myztxqgnfy/324/1795feeae8d5063cd712dfd24ffc4cbd/img_spot_089_01.jpg?q=30,泷谷寺以其美景而闻名。游客在此可以参观有数百年历史的寺院建筑，并欣赏寺内日式庭园和遍地青苔的美景。,坂井市三国町泷谷1-7-15,"8:00-17:00（3月1日至10月31日）
8:00-16:30（11月1日至次年2月底）",每周7天全部开放,500日元（成人）、300日元（中学生）、200日元（儿童）,http://www.takidanji.or.jp/
spot-90-chi-CN,纺织博物馆 YUMEOLE胜山,奥越,https://enjoy.pref.fukui.lg.jp/scn/spot/spot-90/,https://images.ctfassets.net/28myztxqgnfy/325/c3291e0fa0a54d889ad95350c7128f48/img_spot_090_01.jpg?q=30,YUMEOLE胜山是一座介绍胜山丝织品生产历史的博物馆。游客可以在此参观大型老式纺织机，或是尝试一下手工制作工艺体验。,胜山市昭和町1-7-40,9:00-17:00（体验活动的登记时间为9:00-16:00。）,每周星期三（如遇节假日则顺延至次日）、年底和新年假期（12月29日至1月2日）,免费入场（手工编织杯垫体验费用为 500日元，茧球制作体验费用为500日元）,https://www.city.katsuyama.fukui.jp/hataya/
spot-91-chi-CN,白山平泉寺历史探游馆“Mahoroba”,奥越,https://enjoy.pref.fukui.lg.jp/scn/spot/spot-91/,https://images.ctfassets.net/28myztxqgnfy/326/c63109711fc489b8c08589442af2b2ae/img_spot_091_01.jpg?q=30,在白山平泉寺历史探游馆“Mahoroba”，游客可以了解这座古老的神社，并参观在此出土的一系列文物。,胜山市平泉寺町平泉寺66-2-12,9:00-17:00（入场时间截止到16:30）,年底和新年假期,免费,
spot-92-chi-CN,胜山城博物馆,奥越,https://enjoy.pref.fukui.lg.jp/scn/spot/spot-92/,https://images.ctfassets.net/28myztxqgnfy/327/3878c48ee68f1e890f5e1fa41946d0e7/img_spot_092_01.jpg?q=30,“胜山城博物馆”高达58.7米，它是日本最大的天守阁式建筑。除了一系列的艺术和历史展品外，在其顶层还可以欣赏到该地区的美景。,福井县胜山市平泉寺町平泉寺85-26-1,9:30-16:30（入场时间截止到16:00）,每周星期三、年底假期（12月28日至12月31日）、设施检查日,"500日元（成人）/200日元（小学生、初中生、高中生）
*入场费会因特别展览而有所变动。",http://www.katsuyamajyou.com/
spot-94-chi-CN,若狭三方绳文博物馆,丹南,https://enjoy.pref.fukui.lg.jp/scn/spot/spot-94/,https://images.ctfassets.net/28myztxqgnfy/328/98e8d266425708ecfaecd8cf8aba4f00/img_spot_094_01.jpg?q=30,"若狭三方绳文博物馆可以向游客介绍史前绳文时代（公元前10,000年-公元前300年）的生活方式和文化。馆内设有动手体验活动，以便更加了解远古生活。",胜山市平泉寺町平泉寺85-26-1,9:00-17:00（入场时间截止到16:30）,"闭馆日：每周星期二（若星期二为节假日则顺延至次日）、年底和新年假期
*博物馆有时会因熏蒸施工而暂时闭馆。",500日元（大学以上成人）、200日元（小学生、初中生、高中生）、免费（持残疾证的人、婴幼儿（小学生以下））,http://www.town.fukui-wakasa.lg.jp/jomon/
spot-95-chi-CN,玉川洞窟观音,丹南,https://enjoy.pref.fukui.lg.jp/scn/spot/spot-95/,https://images.ctfassets.net/28myztxqgnfy/329/fc113fd9754a2d0d130d7575f5f234cf/img_spot_095_01.jpg?q=30,玉川洞窟观音是一尊十一面观世音菩萨像，供奉于洞窟的尽头。洞窟内的照明灯在墙壁上和洞窟顶部投射出奇特的灯光图案。,福井县丹生郡越前町玉川,,,免费,https://tamagawa-kannon.jimdofree.com/
spot-96-chi-CN,北前船主之馆右近家,丹南,https://enjoy.pref.fukui.lg.jp/scn/spot/spot-96/,https://images.ctfassets.net/28myztxqgnfy/330/3fd9835866175ffd452e9ff6e66f15b3/img_spot_096_01.jpg?q=30,“北前船主之馆 右近家” 向游客介绍曾在日本海沿岸航行的“北前船”商船的历史。三国曾是这些商船的主要港口。,南条郡南越前町河野2-15,9:00-16:00,每周星期三、年底和新年假期（12月29日至次年1月3日）,500日元（成人、大学生、高中生）、300日元（中小学生）,
spot-97-chi-CN,御诞生寺,丹南,https://enjoy.pref.fukui.lg.jp/scn/spot/spot-97/,https://images.ctfassets.net/28myztxqgnfy/331/452c83ecc4c2d2f3d891e13147adf33a/img_spot_097_01.jpg?q=30,御诞生寺以其30多只猫而闻名。为猫的医疗支出进行捐款的游客会收到以猫为主题的赠品作为回馈。,越前市庄田町32-1-1,随时,,免费,https://www.facebook.com/gotanjouji/
spot-98-chi-CN,冈太神社·大泷神社,丹南,https://enjoy.pref.fukui.lg.jp/scn/spot/spot-98/,https://images.ctfassets.net/28myztxqgnfy/332/edc9c05359d072054a14954410dcadf2/img_spot_098_01.jpg?q=30,冈太神社·大泷神社是全日本唯一一座供奉纸祖女神的神社。以其巨大且复杂的屋顶而闻名，它将两座神社连接成一体。,越前市大泷町13-1,随时,,免费,https://www.echizenwashi.jp/goddess_of_paper/index.html#2
spot-99-chi-CN,花筐公园,丹南,https://enjoy.pref.fukui.lg.jp/scn/spot/spot-99/,https://images.ctfassets.net/28myztxqgnfy/333/2b678f8cae702c54fffb7af1a62b825c/img_spot_099_01.jpg?q=30,花筐公园以其美丽的季节性风景而闻名，例如4月的樱花及11月的红色枫叶。,越前市粟田部町17,随时,,免费,
spot-100-chi-CN,卯立工艺馆,丹南,https://enjoy.pref.fukui.lg.jp/scn/spot/spot-100/,https://images.ctfassets.net/28myztxqgnfy/334/1dd0e54edb7778836e3d307a17596f02/img_spot_100_01.jpg?q=30,“卯立工艺馆”是全日本唯一一个完全以传统方式制作和纸的地方。游客可以在此参观工匠们使用老式工具制作和纸的各个步骤。,越前市新在家町9-21-2,9:30-17:00,,"200日元（成人）/免费（高中生及以下）
*举办特别展览时300日元
*此为纸文化博物馆的共同入场费。",https://www.echizenwashi.jp/udatsu/
spot-101-chi-CN,纸莎草馆,丹南,https://enjoy.pref.fukui.lg.jp/scn/spot/spot-101/,https://images.ctfassets.net/28myztxqgnfy/335/86d547029517c9b549d9ec2f0b5064f4/img_spot_101_01.jpg?q=30,“纸莎草馆”设有采用传统技艺的手工造纸工坊。商店销售种类繁多的当地纸制品，包括笔记本等日常用品，以及室内饰物等独特物品。,越前市新在家町8-44,9:00-16:00,年底和新年假期,"和纸制作体验活动的费用
* 色纸大小（242mm×272mm）：500日元（1 张）/
* 明信片大小：800日元 (4 张) / * 杯垫大小：800日元（6 张）
* 名片和书签大小：1,000日元（10 张） / * 中号：1,000日元 (1 张) / * 大号：1,800日元（1 张）/ * 团扇（含组装套件）：1,300日元（每件）/
* 迷你团扇（明信片大小，含组装套件）：1,100日元（每件）/ * 灯罩（含组装套件）：每件 2,400日元（小号）以及 600日元（大号）",https://www.echizenwashi.jp/english/
spot-102-chi-CN,道之驿站“越前大野荒岛之乡”,奥越,https://enjoy.pref.fukui.lg.jp/scn/spot/spot-102/,https://images.ctfassets.net/28myztxqgnfy/336/2275834602722a350d22558453a75e51/img_spot_102_01.jpg?q=30,在道之驿站“越前大野荒岛之乡”，游客可享用美食、参观迷你水族馆、租用过夜房车停车位，或是享受户外活动。,大野市蕨生137-21-1,因设施而异,因设施而异,因设施而异,https://arashimanosato.com/
spot-103-chi-CN,芦原果园,坂井,https://enjoy.pref.fukui.lg.jp/scn/spot/spot-103/,https://images.ctfassets.net/28myztxqgnfy/337/d1fe63a61c23275d0c8b33c54a47ad74/img_spot_103_01.jpg?q=30,芦原果园可以让游客亲自采摘新鲜水果。根据季节的不同，游客可以在此采摘蓝莓、无花果、葡萄或柿子。,粟原市青之木43-35-1,11:00-16:00（3月下旬至11月底）,12月初至次年3月中旬,"采摘水果（半小时内任摘吃到饱）
1,500日元（成人、初中生及以上）、1,000日元（小学生）、750日元（3岁及以上）、免费(2岁及以下)",https://www.awarafruitland.com/
spot-104-chi-CN,越前荞麦之乡,丹南,https://enjoy.pref.fukui.lg.jp/scn/spot/spot-104/,https://images.ctfassets.net/28myztxqgnfy/338/84d299cc473122b945518fced72eda55/img_spot_104_01.jpg?q=30,越前荞麦之乡是一家荞麦面工厂和餐馆。游客可以参加体验课程，学习如何制作荞麦面，或是购买当地特产。,越前市真柄町7-37,9:30-16:00,新年假期（1月1日至1月3日）,打荞麦面体验活动 1800日元（需要预约）,https://www.echizensoba.co.jp/english
spot-105-chi-CN,越前漆之乡会馆,丹南,https://enjoy.pref.fukui.lg.jp/scn/spot/spot-105/,https://images.ctfassets.net/28myztxqgnfy/339/ebe95664c2e32ee7eda61c1adff0e248/img_spot_105_01.jpg?q=30,在越前漆之乡会馆，游客可以参观传统漆匠的工作实景，装饰漆木或是在漆器原木上涂漆，或是购买各种当地产品。,鲭江市西袋町40-1-2,9:00-17:00,第4个星期二（如遇节假日则照常开馆，顺延至次日闭馆）、年底和新年假期（12月29日至次年1月3日）,展区免费,http://echizen.org/（Echizen Lacquerware Cooperative）
spot-106-chi-CN,重右卫门,奥越,https://enjoy.pref.fukui.lg.jp/scn/spot/spot-106/,https://images.ctfassets.net/28myztxqgnfy/340/6d66730ddc4541088c8dfdbd9f9de2b7/img_spot_106_01.jpg?q=30,重右卫门是野村酱油经营的设施，游客可以在此体验酱油制作过程。搅拌、榨取原液，并将自己亲手制作的酱油装瓶带回家。,大野市日吉町10-1,9:00-17:00,,酱油制作体验 1000日元,http://nomura-syouyu.jp/
spot-107-chi-CN,COCONO艺术之地,奥越,https://enjoy.pref.fukui.lg.jp/scn/spot/spot-107/,https://images.ctfassets.net/28myztxqgnfy/341/e848d5c44bbd7912150bf6d02175cbcb/img_spot_107_01.jpg?q=30,“COCONO艺术之地”是一间艺廊，大野市民可在此展示自己的艺术收藏品。该建筑是被重新翻修的老式房屋，内设有咖啡厅和商店。,大野市元町12-2,9:00-17:00,每周星期一（节假日除外）、节假日的次日、年底和新年假期,"300日元（成人）、免费（初中生及以下儿童）
*费用有时会因展览而异。",https://www.cocono-art.jp/
spot-108-chi-CN,五色山公园,若狭,https://enjoy.pref.fukui.lg.jp/scn/spot/spot-108/,https://images.ctfassets.net/28myztxqgnfy/342/2bab4bfef452237c63a032f705eb5f8d/img_spot_108_01.jpg?q=30,五色山公园位于高滨的山丘上。公园设有过夜露营地，还设有收藏了众多雕塑的美术馆，并且还可以在此欣赏各种花卉的四季美景。,高滨町山中64-3-1,8:30-17:00,"闭馆日：每周星期一（如遇节假日则顺延至次日）
*冬季12月1日至次年2月底闭馆。",免费,http://www.goshikiyama.com/
spot-109-chi-CN,港敦贺山车会馆,二洲,https://enjoy.pref.fukui.lg.jp/scn/spot/spot-109/,https://images.ctfassets.net/28myztxqgnfy/343/1fd63de397fe63764a665c50000cc584/img_spot_109_01.jpg?q=30,港敦贺山车会馆既是一座博物馆，也是“敦贺祭”中所使用的花车的存放处。其中三个花车在此全年展出。,敦贺市相生町7-6,10:00-17:00,"每周星期一、年底和新年假期（12月29日至次年1月3日）
*如遇节假日，则当日开馆，顺延至次日闭馆；但如果次日为星期六或星期日时，当天仍然继续开馆。
*会馆有时会因维护而暂时闭馆。",300日元（成人），免费（高中生及以下）,
spot-110-chi-CN,纸人偶资料馆,二洲,https://enjoy.pref.fukui.lg.jp/scn/spot/spot-110/,https://images.ctfassets.net/28myztxqgnfy/344/5fd95c11865c22f600405135db194ae3/img_spot_110_01.jpg?q=30,纸人偶资料馆收藏了一系列由和纸制成的独具特色的立体模型，生动描绘了1930年代左右各种日本日常生活的情景。,敦贺市相生町13-14,"10:00-17:00（4月至10月）、10:00-16:00（11月至次年3月）
开放日：每周星期四至星期日，以及节假日",年底和新年假期（12月29日至次年1月3日）,200日元（成人），免费（小学生及以下）,https://minato-tsuruga.jp/%E7%B4%99%E3%82%8F%E3%82%89%E3%81%B9%E8%B3%87%E6%96%99%E9%A4%A8/ (Minato-tsuruga corporation)
spot-111-chi-CN,纸文化博物馆,丹南,https://enjoy.pref.fukui.lg.jp/scn/spot/spot-111/,https://images.ctfassets.net/28myztxqgnfy/345/d3209769f6ca570c4b2e9d1f6f9ca392/img_spot_111_01.jpg?q=30,纸文化博物馆可以向游客介绍越前和纸的历史，并展示和纸的艺术潜力。,越前市新在家町11-12,9:30-17:00（入场时间截止到16:30）,每星期二（节假日开馆）、年底和新年假期,"200日元（成人）/免费（高中生及以下）
*举办特别展览时300日元
*此为卯立工艺馆的共同入场费。",https://www.echizenwashi.jp/museum/
spot-112-chi-CN,越前KOBUSHI组人力车,奥越,https://enjoy.pref.fukui.lg.jp/scn/spot/spot-112/,https://images.ctfassets.net/28myztxqgnfy/346/12cbe20962e61027e4525c25b00f8f0e/img_spot_112_01.jpg?q=30,“越前KOBUSHI组”在大野市经营人力车服务。游客可乘坐人力车游览市街，同时听人力车夫兼导游讲述当地历史。,"福井县大野市元町1-2
平成大野屋  出发、到达",春季的第一天至11月底期间，星期六、星期日及节假日营业。,如下雨则会取消,"人力车体验路线：1,000日元（约15分钟）
历史道路体验路线：2,000日元（约25分钟）
市内观光路线：3,000日元（约35分钟）",
spot-113-chi-CN,OTAIKO响,丹南,https://enjoy.pref.fukui.lg.jp/scn/spot/spot-113/,https://images.ctfassets.net/28myztxqgnfy/347/3cfe7acbf7e40819b8468adffa3bfd0d/img_spot_113_01.jpg?q=30,“OTAIKO响”是日本规模最大的太鼓祭典之一。该户外音乐节在每年8月举行，由当地团体和日本各地的专业团体带来精彩表演。,"福井县丹生郡越前町下河原37-19-1
会场：Otaiko Hills户外舞台",举办日期：8月底。,,免费,http://otaikohibike.net/
spot-114-chi-CN,米糠100%酵素浴 太右卫门,奥越,https://enjoy.pref.fukui.lg.jp/scn/spot/spot-114/,https://images.ctfassets.net/28myztxqgnfy/348/0a71c212bfbd683fbc6033ebc31f7a1b/img_spot_114_01.jpg?q=30,“太右卫门”是一处提供米糠酵素浴的休闲美容场所。在顾客身上敷上热米糠，等待大约15分钟，然后再出来休息凉爽半个小时。,大野市明伦町2-5,10:00-18:30（平时）、9:00-16:00（星期六、星期日及节假日）,星期四、星期五,"首次费用2,750日元
基本费用3,850日元
全套费用（包括浴袍、浴巾、面巾、纸内裤和纸文胸）4,400日元",
spot-115-chi-CN,RENEW,丹南,https://enjoy.pref.fukui.lg.jp/scn/spot/spot-115/,https://images.ctfassets.net/28myztxqgnfy/349/42c01ae2bf9d14f21bbada5b537ed03b/img_spot_115_01.jpg?q=30,“RENEW”是一项在鲭江和越前举办的工作坊巡回活动。活动期间，在当地各个行业的传统工匠会向公众开放其工作坊。,鲭江市、越前市、越前町,因参展商而异,,免费,https://renew-fukui.com/about/
spot-116-chi-CN,悠久浪漫之林 (Yukyu Roman no Mori),丹南,https://enjoy.pref.fukui.lg.jp/scn/spot/spot-116/,https://images.ctfassets.net/28myztxqgnfy/350/5cc19a560a79c976d7e6bd789bd34894/img_spot_116_01.jpg?q=30,悠久浪漫之林设有独具特色的茅草顶房屋可供住宿租用。冬天可在柴火地炉旁放松身心，夏天则可在户外烹制晚餐。,丹生郡越前町笈松44-3,餐厅营业时间：10:00-16:00,每周星期二（黄金周假期及暑假除外）,"茅葺屋旅馆：18,000日元起／1栋，1晚
小木屋：18,000日元起／1栋，1晚
手打荞麦面体验活动：3,100日元",
spot-117-chi-CN,越前陶艺村,丹南,https://enjoy.pref.fukui.lg.jp/scn/spot/spot-117/,https://images.ctfassets.net/28myztxqgnfy/351/01b96312f46b6fcea6ab6d0a5a7ba49d/img_spot_117_01.jpg?q=30,在越前陶艺村，游客可以了解越前烧的历史，参观现代雕塑，并尝试亲手制作自己的越前烧作品。,福井县丹生郡越前町小曾原120-61,9:00-17:00,年底和新年假期（12月28日至次年1月4日）,"常设展区：300日元（成人）
15岁以下的未成年人及70岁以上的老年人免费。",https://www.tougeikan.jp/（Fukui Prefectural Ceramic Art Museum）
spot-118-chi-CN,越前大野冬季物语节,奥越,https://enjoy.pref.fukui.lg.jp/scn/spot/spot-118/,https://images.ctfassets.net/28myztxqgnfy/352/9bc095ae918c67368e87a6c1bbdb13cb/img_spot_118_01.jpg?q=30,越前大野冬季物语节于二月初举行。镇上到处都是各种各样的雪雕，晚上还会举行烟花表演。,"地点：从JR越前大野结驿站步行15分钟
会场：越前大野结驿站和七间通路周边（大野市）",举办日期：2月初,,免费,
spot-119-chi-CN,换花祭,二洲,https://enjoy.pref.fukui.lg.jp/scn/spot/spot-119/,https://images.ctfassets.net/28myztxqgnfy/353/21962d87b0f595d4a7e87a079bd2ff1a/img_spot_119_01.jpg?q=30,每年四月初，金崎宫都会举办换花祭。青年男女交换樱花树枝传达心意，祈望寻找到真爱和幸福。,"敦贺市金崎町
会场：金崎宫",举办日期：4月初,,免费,http://kanegasakigu.jp/hanakae/（Kanegasakigu）
spot-120-chi-CN,越前陶艺节,丹南,https://enjoy.pref.fukui.lg.jp/scn/spot/spot-120/,https://images.ctfassets.net/28myztxqgnfy/354/ba66dbb2bdbfc4a235e774c38f1fc52e/img_spot_120_01.jpg?q=30,越前陶艺节于五月下旬举办。节日的主角是一个规模巨大的陶瓷集市，陶瓷厂家会在此以优惠价格出售陶瓷产品。,"丹生郡越前町小曾原
会场：越前陶艺村","9:00-17:00（活动的最后一天为16:00结束）
举办日期：5月下旬",,免费,
spot-121-chi-CN,敦贺祭,二洲,https://enjoy.pref.fukui.lg.jp/scn/spot/spot-121/,https://images.ctfassets.net/28myztxqgnfy/355/efba7fd09647de7065f1109621c561f4/img_spot_121_01.jpg?q=30,9月上旬会举办“敦贺祭”。可以欣赏装饰精美的花车、传统音乐舞蹈表演，以及观赏身着传统服饰的人们游行。,会场：气比神宫地区、本町、神乐町、相生町和JR车站周边的商业街,举办日期：9月初,,免费,http://tsurugamatsuri.info/
spot-122-chi-CN,放生祭,若狭,https://enjoy.pref.fukui.lg.jp/scn/spot/spot-122/,https://images.ctfassets.net/28myztxqgnfy/356/cd51b0e21d1307d7354903a518a9625a/img_spot_122_01.jpg?q=30,放生祭是9月下旬在小滨市举行的一个全市性庆典活动。它以独特的传统舞蹈和装饰花车而闻名。,会场：八幡神社（小滨市男山）和小滨市都市区,举办日期：9月下旬,,免费,https://hoze-matsuri.jp/
spot-123-chi-CN,武生菊花人偶节,丹南,https://enjoy.pref.fukui.lg.jp/scn/spot/spot-123/,https://images.ctfassets.net/28myztxqgnfy/357/203e48b7318686f56e069855388422eb/img_spot_123_01.jpg?q=30,武生菊花偶人节会展示独具特色的用菊花装饰的真人大小的菊人偶。展览于每年10月在武生中央公园举办。,"越前市武生
会场：越前市武生中央公园",举办日期：10月初至11月初,,免费入场,http://xn--08j1a5d044nforx33c.com/
spot-124-chi-CN,永平寺除夕夜之钟,福井,https://enjoy.pref.fukui.lg.jp/scn/spot/spot-124/,https://images.ctfassets.net/28myztxqgnfy/358/149e0f09ebd5ba823ef71d2702345355/img_spot_124_01.jpg?q=30,永平寺通过敲响寺院的大钟来庆祝新年。除夕之夜，大钟灯火通明，参拜者可以敲响大钟。,"吉田郡永平寺町志比5-15
会场：永平寺境内（寂光寺）","21:00-3:00
举办日期：12月31日至1月1日",,免费,
spot-125-chi-CN,三国烟花大会,坂井,https://enjoy.pref.fukui.lg.jp/scn/spot/spot-125/,https://images.ctfassets.net/28myztxqgnfy/359/d6e5288f5c3080c8b9853ccaa684ab8f/img_spot_125_01.jpg?q=30,三国日落海滩每年8月会举行三国烟花大会。其代表性表演就是从海面飞腾的烟花。,"会场：
三国夕阳海滩（坂井市三国町宿、米胁）
九头竜川船坞公园草坪（坂井市三国町新保）","19:30-20:30
举办日期：8月11日",,免费,http://www.mikuni.org/hanabi/
spot-126-chi-CN,七间朝市,奥越,https://enjoy.pref.fukui.lg.jp/scn/spot/spot-126/,https://images.ctfassets.net/28myztxqgnfy/360/997f2dd5ed736a376cf49d375b147d56/img_spot_126_01.jpg?q=30,大野市的七间朝市，除1月至3月中旬停业外，每天上午7:00至11:00营业。商贩们会在此出售新鲜水果和蔬菜等物品。,大野市元町10-19,"7:00-11:00
开市季节：春季/夏季/秋季",冬季,价格因物品而异。,
spot-127-chi-CN,ASOBOYA,二洲,https://enjoy.pref.fukui.lg.jp/scn/spot/spot-127/,https://images.ctfassets.net/28myztxqgnfy/361/abe5363449cc4d95fdad7c2deb2a9795/img_spot_127_01.jpg?q=30,ASOBOYA可以提供由专业人士带领进行户外活动，它以三方五湖为中心。活动包括租乘透明独木舟、带导游的自行车之旅及私人露营套餐。,三方上中郡若狭町海山64-9-1,因旅行项目而异,因旅行项目而异,因旅行项目而异,https://wakasa-asobo-ya.com/home/
spot-129-chi-CN,足羽山公园,福井,https://enjoy.pref.fukui.lg.jp/scn/spot/spot-129/,https://images.ctfassets.net/28myztxqgnfy/362/862cba010033f6477c1f043e3136d1bb/img_spot_129_01.jpg?q=30,足羽山公园以垂枝樱花等时令花卉及免费动物园而闻名。游客可以在园内看到很多外来动物，有时还可以给它们投喂食物。,福井县福井市山奥町58-97,随时（游乐园为9:30-16:30）,游乐园闭馆日：每周星期一（如遇星期一为节假日时，则顺延至节假日后的第一天）、12月29日至次年2月底,免费,
spot-130-chi-CN,三丁町、小滨西组,若狭,https://enjoy.pref.fukui.lg.jp/scn/spot/spot-130/,https://images.ctfassets.net/28myztxqgnfy/363/9061b99288c7c07b2f12ae81d67ded3d/img_spot_130_01.jpg?q=30,三丁町的艺伎娱乐区有许多迷人的商店和餐厅。而“小滨西组”地区则有许多一个世纪以前或是更久远的历史建筑。,小滨市香取,随时,,免费,
spot-131-chi-CN,三国会所,坂井,https://enjoy.pref.fukui.lg.jp/scn/spot/spot-131/,https://images.ctfassets.net/28myztxqgnfy/364/50779d2f5d3632fb18738b01abf71c93/img_spot_131_01.jpg?q=30,三国会所旨在通过三国港寻宝等活动来传播三国魅力。会所的办事处还提供自行车出租服务。,自行车租借站：北前通路（三国湊町家馆）、越前松岛站（休假村越前三国）,,,"2小时300日元，之后每小时加收100日元，最高为700日元
儿童自行车：2小时100日元，之后每小时加收100日元，最高为500日元",http://mikunikaisyo.org/
spot-132-chi-CN,Sentopia芦原,坂井,https://enjoy.pref.fukui.lg.jp/scn/spot/spot-132/,https://images.ctfassets.net/28myztxqgnfy/365/60275c4b79e9e7fea60930e61f099826/img_spot_132_01.jpg?q=30,Sentopia 芦原是一座大型公共温泉浴场，它位于芦原温泉街的中心地带。这座浴场主要分为2个大型洗浴区、餐厅和商店。,粟原市温泉4-305,"主浴场的营业时间为10:00-22:00
餐厅和咖啡厅的营业时间为10:00-20:00",每周星期二,500日元（成人、高中生以上）、300日元（中小学生）、200日元（3岁以上）,https://awara-saintpia.com/
spot-133-chi-CN,传统艺能馆,坂井,https://enjoy.pref.fukui.lg.jp/scn/spot/spot-133/,https://images.ctfassets.net/28myztxqgnfy/366/66059d04a5423611b7b2eac025c17a8d/img_spot_133_01.jpg?q=30,在芦原汤之町站对面的传统艺能馆，游客可以体验传统艺伎娱乐活动，或是梳妆打扮，戴上假发，扮成艺伎表演者。,粟原市温泉1-203,"9:00-15:30
其他内容可洽谈（需提前预约）",,"【变身为艺妓和舞妓的体验活动】1人13,000日元、2人11,500日元/人、3人10,000日元/人
【座敷游体验】3,000日元（含茶水和茶点）",
spot-134-chi-CN,若狭和田海滨浴场,若狭,https://enjoy.pref.fukui.lg.jp/scn/spot/spot-134/,https://images.ctfassets.net/28myztxqgnfy/367/4541d1b2686b5422a45cbd2a5791b378/img_spot_134_01.jpg?q=30,亚洲第一个荣获“蓝旗海滩”认证的海滩，以其柔软的白色沙滩及清澈湛蓝的海水而成为热门的避暑胜地。在游泳季节都会有救生员值班。,大饭郡高滨町和田地区,随时,,免费,
spot-135-chi-CN,UMIKARA,若狭,https://enjoy.pref.fukui.lg.jp/scn/spot/spot-135/,https://images.ctfassets.net/28myztxqgnfy/370/114404a63716bd61ef557ce2d0c2d1ab/img_spot_135_01.jpg?q=30,“UMIKARA”是一个位于高滨渔港附近的市场。游客可以在此购买新鲜的当地海产，或是在市场内的某家餐厅享用餐点。,大饭郡高滨町盐土5-1,因摊位而异,因摊位而异,因摊位而异,https://umikara.co.jp/
spot-136-chi-CN,若狭大饭超级大火势,若狭,https://enjoy.pref.fukui.lg.jp/scn/spot/spot-136/,,“若狭大饭超级大火势”是8月初举办的一项大型火祭活动。社区成员齐心协力旋转燃烧的巨大火炬是这项活动的特色。,"大饭郡大饭町成海
会场：Uminpia大饭",举办日期：8月初,,免费,https://www.wakasa-ohi.co.jp/sp-ogase/
spot-137-chi-CN,今庄宿,丹南,https://enjoy.pref.fukui.lg.jp/scn/spot/spot-137/,https://images.ctfassets.net/28myztxqgnfy/371/bac8db312a5b5a2b05d7fbd667d463c6/img_spot_137_01.jpg?q=30,“今庄宿”曾是通往福井交通要道沿线的一个重要驿镇。沿着此处一公里长的路段，游客依然可以窥到些许古老城镇风貌。,南条郡南越前町今庄,随时,,免费,
spot-138-chi-CN,足羽川河畔樱花,福井,https://enjoy.pref.fukui.lg.jp/scn/spot/spot-138/,https://images.ctfassets.net/28myztxqgnfy/372/b5057ba19788cb9d3c2119e4f491a9a2/img_spot_138_01.jpg?q=30,福井市的足羽川沿岸种满了大约600棵樱花树。从3月下旬至4月中旬，盛开的樱花绵延两公里。,福井市毛矢、九十九、照手、明里町,开花期间,,免费,
spot-139-chi-CN,六吕师高原,奥越,https://enjoy.pref.fukui.lg.jp/scn/spot/spot-139/,https://images.ctfassets.net/28myztxqgnfy/374/42427cce114da8245ce8c345b90bdd06/img_spot_139_01.jpg?q=30,六吕师高原位于胜山市和大野市之间。游客可在此欣赏该地区的全景，近距离观察奶牛，尝试亲手制作黄油或冰淇淋，尽情享受繁星点点的夜空。,野市南六吕师,因设施而异,因设施而异,因设施而异,https://www.rokuroshi.org/
spot-140-chi-CN,福井县年缟博物馆,二洲,https://enjoy.pref.fukui.lg.jp/scn/spot/spot-140/,https://images.ctfassets.net/28myztxqgnfy/375/b2b84021416dc1cb819de0bc5f7e5784/img_spot_140_01.jpg?q=30,"福井县年缟博物馆以展示堆积在水月湖湖底的纹泥层为重点。这些纹泥层记录了长达70,000年的自然历史。","三方上郡若狭町乌滨122-12-1
绳文浪漫园地内
(与若狭三方绳文博物馆毗邻）",9:00-17:00（入口的关闭时间为16:30。）,"每周星期二、年底和新年假期（12月29日至次年1月2日）
*如遇星期二为节假日时，则顺延至次日闭馆。
*黄金周假期和暑假期间营业
*可能因设施维护等原因而临时闭馆。","500日元（成人）/ 200日元（学生）（6至18岁的未成年人）
*包含若狭三方绳文博物馆的套票可享受30%的折扣。",http://varve-museum.pref.fukui.lg.jp/en/
